TimeQuest Timing Analyzer report for MIC1
Fri Sep 18 10:51:01 2026
Quartus II 32-bit Version 13.0.1 Build 232 06/12/2013 Service Pack 1 SJ Web Edition


---------------------
; Table of Contents ;
---------------------
  1. Legal Notice
  2. TimeQuest Timing Analyzer Summary
  3. Parallel Compilation
  4. Clocks
  5. Slow Model Fmax Summary
  6. Slow Model Setup Summary
  7. Slow Model Hold Summary
  8. Slow Model Recovery Summary
  9. Slow Model Removal Summary
 10. Slow Model Minimum Pulse Width Summary
 11. Slow Model Minimum Pulse Width: 'CLOCK'
 12. Setup Times
 13. Hold Times
 14. Clock to Output Times
 15. Minimum Clock to Output Times
 16. Propagation Delay
 17. Minimum Propagation Delay
 18. Fast Model Setup Summary
 19. Fast Model Hold Summary
 20. Fast Model Recovery Summary
 21. Fast Model Removal Summary
 22. Fast Model Minimum Pulse Width Summary
 23. Fast Model Minimum Pulse Width: 'CLOCK'
 24. Setup Times
 25. Hold Times
 26. Clock to Output Times
 27. Minimum Clock to Output Times
 28. Propagation Delay
 29. Minimum Propagation Delay
 30. Multicorner Timing Analysis Summary
 31. Setup Times
 32. Hold Times
 33. Clock to Output Times
 34. Minimum Clock to Output Times
 35. Progagation Delay
 36. Minimum Progagation Delay
 37. Clock Transfers
 38. Report TCCS
 39. Report RSKM
 40. Unconstrained Paths
 41. TimeQuest Timing Analyzer Messages



----------------
; Legal Notice ;
----------------
Copyright (C) 1991-2013 Altera Corporation
Your use of Altera Corporation's design tools, logic functions 
and other software and tools, and its AMPP partner logic 
functions, and any output files from any of the foregoing 
(including device programming or simulation files), and any 
associated documentation or information are expressly subject 
to the terms and conditions of the Altera Program License 
Subscription Agreement, Altera MegaCore Function License 
Agreement, or other applicable license agreement, including, 
without limitation, that your use is for the sole purpose of 
programming logic devices manufactured by Altera and sold by 
Altera or its authorized distributors.  Please refer to the 
applicable agreement for further details.



+----------------------------------------------------------------------------------------+
; TimeQuest Timing Analyzer Summary                                                      ;
+--------------------+-------------------------------------------------------------------+
; Quartus II Version ; Version 13.0.1 Build 232 06/12/2013 Service Pack 1 SJ Web Edition ;
; Revision Name      ; MIC1                                                              ;
; Device Family      ; Cyclone II                                                        ;
; Device Name        ; EP2C5F256C6                                                       ;
; Timing Models      ; Final                                                             ;
; Delay Model        ; Combined                                                          ;
; Rise/Fall Delays   ; Unavailable                                                       ;
+--------------------+-------------------------------------------------------------------+


Parallel compilation was disabled, but you have multiple processors available. Enable parallel compilation to reduce compilation time.
+-------------------------------------+
; Parallel Compilation                ;
+----------------------------+--------+
; Processors                 ; Number ;
+----------------------------+--------+
; Number detected on machine ; 4      ;
; Maximum allowed            ; 1      ;
+----------------------------+--------+


+-----------------------------------------------------------------------------------------------------------------------------------------------------------------------------------+
; Clocks                                                                                                                                                                            ;
+------------+------+--------+------------+-------+-------+------------+-----------+-------------+-------+--------+-----------+------------+----------+--------+--------+-----------+
; Clock Name ; Type ; Period ; Frequency  ; Rise  ; Fall  ; Duty Cycle ; Divide by ; Multiply by ; Phase ; Offset ; Edge List ; Edge Shift ; Inverted ; Master ; Source ; Targets   ;
+------------+------+--------+------------+-------+-------+------------+-----------+-------------+-------+--------+-----------+------------+----------+--------+--------+-----------+
; CLOCK      ; Base ; 1.000  ; 1000.0 MHz ; 0.000 ; 0.500 ;            ;           ;             ;       ;        ;           ;            ;          ;        ;        ; { CLOCK } ;
+------------+------+--------+------------+-------+-------+------------+-----------+-------------+-------+--------+-----------+------------+----------+--------+--------+-----------+


---------------------------
; Slow Model Fmax Summary ;
---------------------------
No paths to report.


----------------------------
; Slow Model Setup Summary ;
----------------------------
No paths to report.


---------------------------
; Slow Model Hold Summary ;
---------------------------
No paths to report.


-------------------------------
; Slow Model Recovery Summary ;
-------------------------------
No paths to report.


------------------------------
; Slow Model Removal Summary ;
------------------------------
No paths to report.


+----------------------------------------+
; Slow Model Minimum Pulse Width Summary ;
+-------+--------+-----------------------+
; Clock ; Slack  ; End Point TNS         ;
+-------+--------+-----------------------+
; CLOCK ; -1.222 ; -11.222               ;
+-------+--------+-----------------------+


+--------------------------------------------------------------------------------------------------------------------------------------+
; Slow Model Minimum Pulse Width: 'CLOCK'                                                                                              ;
+--------+--------------+----------------+------------------+-------+------------+-----------------------------------------------------+
; Slack  ; Actual Width ; Required Width ; Type             ; Clock ; Clock Edge ; Target                                              ;
+--------+--------------+----------------+------------------+-------+------------+-----------------------------------------------------+
; -1.222 ; 1.000        ; 2.222          ; Port Rate        ; CLOCK ; Rise       ; CLOCK                                               ;
; -0.500 ; 0.500        ; 1.000          ; High Pulse Width ; CLOCK ; Rise       ; REGISTER_32bits:inst1|REGISTER_8bit:inst7|inst23    ;
; -0.500 ; 0.500        ; 1.000          ; Low Pulse Width  ; CLOCK ; Rise       ; REGISTER_32bits:inst1|REGISTER_8bit:inst7|inst23    ;
; -0.500 ; 0.500        ; 1.000          ; High Pulse Width ; CLOCK ; Rise       ; REGISTER_32bits:inst|REGISTER_8bit:inst3|inst13     ;
; -0.500 ; 0.500        ; 1.000          ; Low Pulse Width  ; CLOCK ; Rise       ; REGISTER_32bits:inst|REGISTER_8bit:inst3|inst13     ;
; -0.500 ; 0.500        ; 1.000          ; High Pulse Width ; CLOCK ; Rise       ; REGISTER_32bits:inst|REGISTER_8bit:inst3|inst16     ;
; -0.500 ; 0.500        ; 1.000          ; Low Pulse Width  ; CLOCK ; Rise       ; REGISTER_32bits:inst|REGISTER_8bit:inst3|inst16     ;
; -0.500 ; 0.500        ; 1.000          ; High Pulse Width ; CLOCK ; Rise       ; REGISTER_32bits:inst|REGISTER_8bit:inst3|inst20     ;
; -0.500 ; 0.500        ; 1.000          ; Low Pulse Width  ; CLOCK ; Rise       ; REGISTER_32bits:inst|REGISTER_8bit:inst3|inst20     ;
; -0.500 ; 0.500        ; 1.000          ; High Pulse Width ; CLOCK ; Rise       ; REGISTER_32bits:inst|REGISTER_8bit:inst3|inst23     ;
; -0.500 ; 0.500        ; 1.000          ; Low Pulse Width  ; CLOCK ; Rise       ; REGISTER_32bits:inst|REGISTER_8bit:inst3|inst23     ;
; -0.500 ; 0.500        ; 1.000          ; High Pulse Width ; CLOCK ; Rise       ; REGISTER_32bits:inst|REGISTER_8bit:inst3|inst3      ;
; -0.500 ; 0.500        ; 1.000          ; Low Pulse Width  ; CLOCK ; Rise       ; REGISTER_32bits:inst|REGISTER_8bit:inst3|inst3      ;
; -0.500 ; 0.500        ; 1.000          ; High Pulse Width ; CLOCK ; Rise       ; REGISTER_32bits:inst|REGISTER_8bit:inst3|inst300099 ;
; -0.500 ; 0.500        ; 1.000          ; Low Pulse Width  ; CLOCK ; Rise       ; REGISTER_32bits:inst|REGISTER_8bit:inst3|inst300099 ;
; -0.500 ; 0.500        ; 1.000          ; High Pulse Width ; CLOCK ; Rise       ; REGISTER_32bits:inst|REGISTER_8bit:inst3|inst6      ;
; -0.500 ; 0.500        ; 1.000          ; Low Pulse Width  ; CLOCK ; Rise       ; REGISTER_32bits:inst|REGISTER_8bit:inst3|inst6      ;
; -0.500 ; 0.500        ; 1.000          ; High Pulse Width ; CLOCK ; Rise       ; REGISTER_32bits:inst|REGISTER_8bit:inst3|inst9      ;
; -0.500 ; 0.500        ; 1.000          ; Low Pulse Width  ; CLOCK ; Rise       ; REGISTER_32bits:inst|REGISTER_8bit:inst3|inst9      ;
; -0.500 ; 0.500        ; 1.000          ; High Pulse Width ; CLOCK ; Rise       ; inst2                                               ;
; -0.500 ; 0.500        ; 1.000          ; Low Pulse Width  ; CLOCK ; Rise       ; inst2                                               ;
; 0.500  ; 0.500        ; 0.000          ; High Pulse Width ; CLOCK ; Rise       ; CLOCK|combout                                       ;
; 0.500  ; 0.500        ; 0.000          ; Low Pulse Width  ; CLOCK ; Rise       ; CLOCK|combout                                       ;
; 0.500  ; 0.500        ; 0.000          ; High Pulse Width ; CLOCK ; Rise       ; inst1|inst7|inst23|clk                              ;
; 0.500  ; 0.500        ; 0.000          ; Low Pulse Width  ; CLOCK ; Rise       ; inst1|inst7|inst23|clk                              ;
; 0.500  ; 0.500        ; 0.000          ; High Pulse Width ; CLOCK ; Rise       ; inst2|clk                                           ;
; 0.500  ; 0.500        ; 0.000          ; Low Pulse Width  ; CLOCK ; Rise       ; inst2|clk                                           ;
; 0.500  ; 0.500        ; 0.000          ; High Pulse Width ; CLOCK ; Rise       ; inst3|combout                                       ;
; 0.500  ; 0.500        ; 0.000          ; Low Pulse Width  ; CLOCK ; Rise       ; inst3|combout                                       ;
; 0.500  ; 0.500        ; 0.000          ; High Pulse Width ; CLOCK ; Rise       ; inst3|datad                                         ;
; 0.500  ; 0.500        ; 0.000          ; Low Pulse Width  ; CLOCK ; Rise       ; inst3|datad                                         ;
; 0.500  ; 0.500        ; 0.000          ; High Pulse Width ; CLOCK ; Rise       ; inst3~clkctrl|inclk[0]                              ;
; 0.500  ; 0.500        ; 0.000          ; Low Pulse Width  ; CLOCK ; Rise       ; inst3~clkctrl|inclk[0]                              ;
; 0.500  ; 0.500        ; 0.000          ; High Pulse Width ; CLOCK ; Rise       ; inst3~clkctrl|outclk                                ;
; 0.500  ; 0.500        ; 0.000          ; Low Pulse Width  ; CLOCK ; Rise       ; inst3~clkctrl|outclk                                ;
; 0.500  ; 0.500        ; 0.000          ; High Pulse Width ; CLOCK ; Rise       ; inst|inst3|inst13|clk                               ;
; 0.500  ; 0.500        ; 0.000          ; Low Pulse Width  ; CLOCK ; Rise       ; inst|inst3|inst13|clk                               ;
; 0.500  ; 0.500        ; 0.000          ; High Pulse Width ; CLOCK ; Rise       ; inst|inst3|inst16|clk                               ;
; 0.500  ; 0.500        ; 0.000          ; Low Pulse Width  ; CLOCK ; Rise       ; inst|inst3|inst16|clk                               ;
; 0.500  ; 0.500        ; 0.000          ; High Pulse Width ; CLOCK ; Rise       ; inst|inst3|inst20|clk                               ;
; 0.500  ; 0.500        ; 0.000          ; Low Pulse Width  ; CLOCK ; Rise       ; inst|inst3|inst20|clk                               ;
; 0.500  ; 0.500        ; 0.000          ; High Pulse Width ; CLOCK ; Rise       ; inst|inst3|inst23|clk                               ;
; 0.500  ; 0.500        ; 0.000          ; Low Pulse Width  ; CLOCK ; Rise       ; inst|inst3|inst23|clk                               ;
; 0.500  ; 0.500        ; 0.000          ; High Pulse Width ; CLOCK ; Rise       ; inst|inst3|inst300099|clk                           ;
; 0.500  ; 0.500        ; 0.000          ; Low Pulse Width  ; CLOCK ; Rise       ; inst|inst3|inst300099|clk                           ;
; 0.500  ; 0.500        ; 0.000          ; High Pulse Width ; CLOCK ; Rise       ; inst|inst3|inst3|clk                                ;
; 0.500  ; 0.500        ; 0.000          ; Low Pulse Width  ; CLOCK ; Rise       ; inst|inst3|inst3|clk                                ;
; 0.500  ; 0.500        ; 0.000          ; High Pulse Width ; CLOCK ; Rise       ; inst|inst3|inst6|clk                                ;
; 0.500  ; 0.500        ; 0.000          ; Low Pulse Width  ; CLOCK ; Rise       ; inst|inst3|inst6|clk                                ;
; 0.500  ; 0.500        ; 0.000          ; High Pulse Width ; CLOCK ; Rise       ; inst|inst3|inst9|clk                                ;
; 0.500  ; 0.500        ; 0.000          ; Low Pulse Width  ; CLOCK ; Rise       ; inst|inst3|inst9|clk                                ;
+--------+--------------+----------------+------------------+-------+------------+-----------------------------------------------------+


+------------------------------------------------------------------------------+
; Setup Times                                                                  ;
+------------------+------------+-------+-------+------------+-----------------+
; Data Port        ; Clock Port ; Rise  ; Fall  ; Clock Edge ; Clock Reference ;
+------------------+------------+-------+-------+------------+-----------------+
; MIR[*]           ; CLOCK      ; 3.577 ; 3.577 ; Rise       ; CLOCK           ;
;  MIR[4]          ; CLOCK      ; 3.577 ; 3.577 ; Rise       ; CLOCK           ;
; PROGRAM_BYTE[*]  ; CLOCK      ; 2.287 ; 2.287 ; Rise       ; CLOCK           ;
;  PROGRAM_BYTE[0] ; CLOCK      ; 2.205 ; 2.205 ; Rise       ; CLOCK           ;
;  PROGRAM_BYTE[1] ; CLOCK      ; 2.083 ; 2.083 ; Rise       ; CLOCK           ;
;  PROGRAM_BYTE[2] ; CLOCK      ; 2.202 ; 2.202 ; Rise       ; CLOCK           ;
;  PROGRAM_BYTE[3] ; CLOCK      ; 1.806 ; 1.806 ; Rise       ; CLOCK           ;
;  PROGRAM_BYTE[4] ; CLOCK      ; 2.287 ; 2.287 ; Rise       ; CLOCK           ;
;  PROGRAM_BYTE[5] ; CLOCK      ; 2.210 ; 2.210 ; Rise       ; CLOCK           ;
;  PROGRAM_BYTE[6] ; CLOCK      ; 2.036 ; 2.036 ; Rise       ; CLOCK           ;
;  PROGRAM_BYTE[7] ; CLOCK      ; 2.002 ; 2.002 ; Rise       ; CLOCK           ;
+------------------+------------+-------+-------+------------+-----------------+


+--------------------------------------------------------------------------------+
; Hold Times                                                                     ;
+------------------+------------+--------+--------+------------+-----------------+
; Data Port        ; Clock Port ; Rise   ; Fall   ; Clock Edge ; Clock Reference ;
+------------------+------------+--------+--------+------------+-----------------+
; MIR[*]           ; CLOCK      ; -3.347 ; -3.347 ; Rise       ; CLOCK           ;
;  MIR[4]          ; CLOCK      ; -3.347 ; -3.347 ; Rise       ; CLOCK           ;
; PROGRAM_BYTE[*]  ; CLOCK      ; -1.576 ; -1.576 ; Rise       ; CLOCK           ;
;  PROGRAM_BYTE[0] ; CLOCK      ; -1.975 ; -1.975 ; Rise       ; CLOCK           ;
;  PROGRAM_BYTE[1] ; CLOCK      ; -1.853 ; -1.853 ; Rise       ; CLOCK           ;
;  PROGRAM_BYTE[2] ; CLOCK      ; -1.972 ; -1.972 ; Rise       ; CLOCK           ;
;  PROGRAM_BYTE[3] ; CLOCK      ; -1.576 ; -1.576 ; Rise       ; CLOCK           ;
;  PROGRAM_BYTE[4] ; CLOCK      ; -2.057 ; -2.057 ; Rise       ; CLOCK           ;
;  PROGRAM_BYTE[5] ; CLOCK      ; -1.980 ; -1.980 ; Rise       ; CLOCK           ;
;  PROGRAM_BYTE[6] ; CLOCK      ; -1.806 ; -1.806 ; Rise       ; CLOCK           ;
;  PROGRAM_BYTE[7] ; CLOCK      ; -1.772 ; -1.772 ; Rise       ; CLOCK           ;
+------------------+------------+--------+--------+------------+-----------------+


+---------------------------------------------------------------------------+
; Clock to Output Times                                                     ;
+-------------+------------+--------+--------+------------+-----------------+
; Data Port   ; Clock Port ; Rise   ; Fall   ; Clock Edge ; Clock Reference ;
+-------------+------------+--------+--------+------------+-----------------+
; OUT_B[*]    ; CLOCK      ; 10.413 ; 10.413 ; Rise       ; CLOCK           ;
;  OUT_B[0]   ; CLOCK      ; 8.439  ; 8.439  ; Rise       ; CLOCK           ;
;  OUT_B[1]   ; CLOCK      ; 8.038  ; 8.038  ; Rise       ; CLOCK           ;
;  OUT_B[2]   ; CLOCK      ; 8.816  ; 8.816  ; Rise       ; CLOCK           ;
;  OUT_B[3]   ; CLOCK      ; 7.994  ; 7.994  ; Rise       ; CLOCK           ;
;  OUT_B[4]   ; CLOCK      ; 7.893  ; 7.893  ; Rise       ; CLOCK           ;
;  OUT_B[5]   ; CLOCK      ; 7.961  ; 7.961  ; Rise       ; CLOCK           ;
;  OUT_B[6]   ; CLOCK      ; 7.841  ; 7.841  ; Rise       ; CLOCK           ;
;  OUT_B[7]   ; CLOCK      ; 8.025  ; 8.025  ; Rise       ; CLOCK           ;
;  OUT_B[8]   ; CLOCK      ; 8.602  ; 8.602  ; Rise       ; CLOCK           ;
;  OUT_B[9]   ; CLOCK      ; 9.647  ; 9.647  ; Rise       ; CLOCK           ;
;  OUT_B[10]  ; CLOCK      ; 10.073 ; 10.073 ; Rise       ; CLOCK           ;
;  OUT_B[11]  ; CLOCK      ; 10.268 ; 10.268 ; Rise       ; CLOCK           ;
;  OUT_B[12]  ; CLOCK      ; 10.040 ; 10.040 ; Rise       ; CLOCK           ;
;  OUT_B[13]  ; CLOCK      ; 9.338  ; 9.338  ; Rise       ; CLOCK           ;
;  OUT_B[14]  ; CLOCK      ; 10.271 ; 10.271 ; Rise       ; CLOCK           ;
;  OUT_B[15]  ; CLOCK      ; 10.096 ; 10.096 ; Rise       ; CLOCK           ;
;  OUT_B[16]  ; CLOCK      ; 9.332  ; 9.332  ; Rise       ; CLOCK           ;
;  OUT_B[17]  ; CLOCK      ; 10.413 ; 10.413 ; Rise       ; CLOCK           ;
;  OUT_B[18]  ; CLOCK      ; 10.116 ; 10.116 ; Rise       ; CLOCK           ;
;  OUT_B[19]  ; CLOCK      ; 9.547  ; 9.547  ; Rise       ; CLOCK           ;
;  OUT_B[20]  ; CLOCK      ; 9.639  ; 9.639  ; Rise       ; CLOCK           ;
;  OUT_B[21]  ; CLOCK      ; 8.582  ; 8.582  ; Rise       ; CLOCK           ;
;  OUT_B[22]  ; CLOCK      ; 8.602  ; 8.602  ; Rise       ; CLOCK           ;
;  OUT_B[23]  ; CLOCK      ; 10.116 ; 10.116 ; Rise       ; CLOCK           ;
;  OUT_B[24]  ; CLOCK      ; 9.332  ; 9.332  ; Rise       ; CLOCK           ;
;  OUT_B[25]  ; CLOCK      ; 10.398 ; 10.398 ; Rise       ; CLOCK           ;
;  OUT_B[26]  ; CLOCK      ; 9.540  ; 9.540  ; Rise       ; CLOCK           ;
;  OUT_B[27]  ; CLOCK      ; 10.223 ; 10.223 ; Rise       ; CLOCK           ;
;  OUT_B[28]  ; CLOCK      ; 10.268 ; 10.268 ; Rise       ; CLOCK           ;
;  OUT_B[29]  ; CLOCK      ; 9.547  ; 9.547  ; Rise       ; CLOCK           ;
;  OUT_B[30]  ; CLOCK      ; 9.361  ; 9.361  ; Rise       ; CLOCK           ;
;  OUT_B[31]  ; CLOCK      ; 9.350  ; 9.350  ; Rise       ; CLOCK           ;
; OUT_MBR[*]  ; CLOCK      ; 7.665  ; 7.665  ; Rise       ; CLOCK           ;
;  OUT_MBR[0] ; CLOCK      ; 7.665  ; 7.665  ; Rise       ; CLOCK           ;
;  OUT_MBR[1] ; CLOCK      ; 7.450  ; 7.450  ; Rise       ; CLOCK           ;
;  OUT_MBR[2] ; CLOCK      ; 7.441  ; 7.441  ; Rise       ; CLOCK           ;
;  OUT_MBR[3] ; CLOCK      ; 7.457  ; 7.457  ; Rise       ; CLOCK           ;
;  OUT_MBR[4] ; CLOCK      ; 7.452  ; 7.452  ; Rise       ; CLOCK           ;
;  OUT_MBR[5] ; CLOCK      ; 7.297  ; 7.297  ; Rise       ; CLOCK           ;
;  OUT_MBR[6] ; CLOCK      ; 7.298  ; 7.298  ; Rise       ; CLOCK           ;
;  OUT_MBR[7] ; CLOCK      ; 7.162  ; 7.162  ; Rise       ; CLOCK           ;
+-------------+------------+--------+--------+------------+-----------------+


+---------------------------------------------------------------------------+
; Minimum Clock to Output Times                                             ;
+-------------+------------+--------+--------+------------+-----------------+
; Data Port   ; Clock Port ; Rise   ; Fall   ; Clock Edge ; Clock Reference ;
+-------------+------------+--------+--------+------------+-----------------+
; OUT_B[*]    ; CLOCK      ; 7.841  ; 7.841  ; Rise       ; CLOCK           ;
;  OUT_B[0]   ; CLOCK      ; 8.439  ; 8.439  ; Rise       ; CLOCK           ;
;  OUT_B[1]   ; CLOCK      ; 8.038  ; 8.038  ; Rise       ; CLOCK           ;
;  OUT_B[2]   ; CLOCK      ; 8.816  ; 8.816  ; Rise       ; CLOCK           ;
;  OUT_B[3]   ; CLOCK      ; 7.994  ; 7.994  ; Rise       ; CLOCK           ;
;  OUT_B[4]   ; CLOCK      ; 7.893  ; 7.893  ; Rise       ; CLOCK           ;
;  OUT_B[5]   ; CLOCK      ; 7.961  ; 7.961  ; Rise       ; CLOCK           ;
;  OUT_B[6]   ; CLOCK      ; 7.841  ; 7.841  ; Rise       ; CLOCK           ;
;  OUT_B[7]   ; CLOCK      ; 8.025  ; 8.025  ; Rise       ; CLOCK           ;
;  OUT_B[8]   ; CLOCK      ; 8.282  ; 8.282  ; Rise       ; CLOCK           ;
;  OUT_B[9]   ; CLOCK      ; 9.327  ; 9.327  ; Rise       ; CLOCK           ;
;  OUT_B[10]  ; CLOCK      ; 9.753  ; 9.753  ; Rise       ; CLOCK           ;
;  OUT_B[11]  ; CLOCK      ; 9.948  ; 9.948  ; Rise       ; CLOCK           ;
;  OUT_B[12]  ; CLOCK      ; 9.720  ; 9.720  ; Rise       ; CLOCK           ;
;  OUT_B[13]  ; CLOCK      ; 9.018  ; 9.018  ; Rise       ; CLOCK           ;
;  OUT_B[14]  ; CLOCK      ; 9.951  ; 9.951  ; Rise       ; CLOCK           ;
;  OUT_B[15]  ; CLOCK      ; 9.776  ; 9.776  ; Rise       ; CLOCK           ;
;  OUT_B[16]  ; CLOCK      ; 9.012  ; 9.012  ; Rise       ; CLOCK           ;
;  OUT_B[17]  ; CLOCK      ; 10.093 ; 10.093 ; Rise       ; CLOCK           ;
;  OUT_B[18]  ; CLOCK      ; 9.796  ; 9.796  ; Rise       ; CLOCK           ;
;  OUT_B[19]  ; CLOCK      ; 9.227  ; 9.227  ; Rise       ; CLOCK           ;
;  OUT_B[20]  ; CLOCK      ; 9.319  ; 9.319  ; Rise       ; CLOCK           ;
;  OUT_B[21]  ; CLOCK      ; 8.262  ; 8.262  ; Rise       ; CLOCK           ;
;  OUT_B[22]  ; CLOCK      ; 8.282  ; 8.282  ; Rise       ; CLOCK           ;
;  OUT_B[23]  ; CLOCK      ; 9.796  ; 9.796  ; Rise       ; CLOCK           ;
;  OUT_B[24]  ; CLOCK      ; 9.012  ; 9.012  ; Rise       ; CLOCK           ;
;  OUT_B[25]  ; CLOCK      ; 10.078 ; 10.078 ; Rise       ; CLOCK           ;
;  OUT_B[26]  ; CLOCK      ; 9.220  ; 9.220  ; Rise       ; CLOCK           ;
;  OUT_B[27]  ; CLOCK      ; 9.903  ; 9.903  ; Rise       ; CLOCK           ;
;  OUT_B[28]  ; CLOCK      ; 9.948  ; 9.948  ; Rise       ; CLOCK           ;
;  OUT_B[29]  ; CLOCK      ; 9.227  ; 9.227  ; Rise       ; CLOCK           ;
;  OUT_B[30]  ; CLOCK      ; 9.041  ; 9.041  ; Rise       ; CLOCK           ;
;  OUT_B[31]  ; CLOCK      ; 9.030  ; 9.030  ; Rise       ; CLOCK           ;
; OUT_MBR[*]  ; CLOCK      ; 7.162  ; 7.162  ; Rise       ; CLOCK           ;
;  OUT_MBR[0] ; CLOCK      ; 7.665  ; 7.665  ; Rise       ; CLOCK           ;
;  OUT_MBR[1] ; CLOCK      ; 7.450  ; 7.450  ; Rise       ; CLOCK           ;
;  OUT_MBR[2] ; CLOCK      ; 7.441  ; 7.441  ; Rise       ; CLOCK           ;
;  OUT_MBR[3] ; CLOCK      ; 7.457  ; 7.457  ; Rise       ; CLOCK           ;
;  OUT_MBR[4] ; CLOCK      ; 7.452  ; 7.452  ; Rise       ; CLOCK           ;
;  OUT_MBR[5] ; CLOCK      ; 7.297  ; 7.297  ; Rise       ; CLOCK           ;
;  OUT_MBR[6] ; CLOCK      ; 7.298  ; 7.298  ; Rise       ; CLOCK           ;
;  OUT_MBR[7] ; CLOCK      ; 7.162  ; 7.162  ; Rise       ; CLOCK           ;
+-------------+------------+--------+--------+------------+-----------------+


+--------------------------------------------------------------+
; Propagation Delay                                            ;
+------------+-------------+--------+--------+--------+--------+
; Input Port ; Output Port ; RR     ; RF     ; FR     ; FF     ;
+------------+-------------+--------+--------+--------+--------+
; MIR[0]     ; OUT_B[8]    ; 9.846  ; 9.846  ; 9.846  ; 9.846  ;
; MIR[0]     ; OUT_B[9]    ; 10.891 ; 10.891 ; 10.891 ; 10.891 ;
; MIR[0]     ; OUT_B[10]   ; 11.317 ; 11.317 ; 11.317 ; 11.317 ;
; MIR[0]     ; OUT_B[11]   ; 11.512 ; 11.512 ; 11.512 ; 11.512 ;
; MIR[0]     ; OUT_B[12]   ; 11.284 ; 11.284 ; 11.284 ; 11.284 ;
; MIR[0]     ; OUT_B[13]   ; 10.582 ; 10.582 ; 10.582 ; 10.582 ;
; MIR[0]     ; OUT_B[14]   ; 11.515 ; 11.515 ; 11.515 ; 11.515 ;
; MIR[0]     ; OUT_B[15]   ; 11.340 ; 11.340 ; 11.340 ; 11.340 ;
; MIR[0]     ; OUT_B[16]   ; 10.576 ; 10.576 ; 10.576 ; 10.576 ;
; MIR[0]     ; OUT_B[17]   ; 11.657 ; 11.657 ; 11.657 ; 11.657 ;
; MIR[0]     ; OUT_B[18]   ; 11.360 ; 11.360 ; 11.360 ; 11.360 ;
; MIR[0]     ; OUT_B[19]   ; 10.791 ; 10.791 ; 10.791 ; 10.791 ;
; MIR[0]     ; OUT_B[20]   ; 10.883 ; 10.883 ; 10.883 ; 10.883 ;
; MIR[0]     ; OUT_B[21]   ; 9.826  ; 9.826  ; 9.826  ; 9.826  ;
; MIR[0]     ; OUT_B[22]   ; 9.846  ; 9.846  ; 9.846  ; 9.846  ;
; MIR[0]     ; OUT_B[23]   ; 11.360 ; 11.360 ; 11.360 ; 11.360 ;
; MIR[0]     ; OUT_B[24]   ; 10.576 ; 10.576 ; 10.576 ; 10.576 ;
; MIR[0]     ; OUT_B[25]   ; 11.642 ; 11.642 ; 11.642 ; 11.642 ;
; MIR[0]     ; OUT_B[26]   ; 10.784 ; 10.784 ; 10.784 ; 10.784 ;
; MIR[0]     ; OUT_B[27]   ; 11.467 ; 11.467 ; 11.467 ; 11.467 ;
; MIR[0]     ; OUT_B[28]   ; 11.512 ; 11.512 ; 11.512 ; 11.512 ;
; MIR[0]     ; OUT_B[29]   ; 10.791 ; 10.791 ; 10.791 ; 10.791 ;
; MIR[0]     ; OUT_B[30]   ; 10.605 ; 10.605 ; 10.605 ; 10.605 ;
; MIR[0]     ; OUT_B[31]   ; 10.594 ; 10.594 ; 10.594 ; 10.594 ;
; MIR[1]     ; OUT_B[0]    ; 9.475  ; 9.700  ; 9.700  ; 9.475  ;
; MIR[1]     ; OUT_B[1]    ; 9.476  ; 9.523  ; 9.523  ; 9.476  ;
; MIR[1]     ; OUT_B[2]    ; 10.979 ; 10.979 ; 10.979 ; 10.979 ;
; MIR[1]     ; OUT_B[3]    ; 9.475  ; 9.525  ; 9.525  ; 9.475  ;
; MIR[1]     ; OUT_B[4]    ; 9.475  ; 9.566  ; 9.566  ; 9.475  ;
; MIR[1]     ; OUT_B[5]    ; 9.450  ; 9.497  ; 9.497  ; 9.450  ;
; MIR[1]     ; OUT_B[6]    ; 9.470  ; 9.517  ; 9.517  ; 9.470  ;
; MIR[1]     ; OUT_B[7]    ; 9.466  ; 9.501  ; 9.501  ; 9.466  ;
; MIR[1]     ; OUT_B[8]    ; 10.190 ; 10.485 ; 10.485 ; 10.190 ;
; MIR[1]     ; OUT_B[9]    ; 10.690 ; 11.530 ; 11.530 ; 10.690 ;
; MIR[1]     ; OUT_B[10]   ; 11.143 ; 11.956 ; 11.956 ; 11.143 ;
; MIR[1]     ; OUT_B[11]   ; 11.354 ; 12.151 ; 12.151 ; 11.354 ;
; MIR[1]     ; OUT_B[12]   ; 11.348 ; 11.923 ; 11.923 ; 11.348 ;
; MIR[1]     ; OUT_B[13]   ; 10.949 ; 11.221 ; 11.221 ; 10.949 ;
; MIR[1]     ; OUT_B[14]   ; 11.124 ; 12.154 ; 12.154 ; 11.124 ;
; MIR[1]     ; OUT_B[15]   ; 10.949 ; 11.979 ; 11.979 ; 10.949 ;
; MIR[1]     ; OUT_B[16]   ; 10.945 ; 11.215 ; 11.215 ; 10.945 ;
; MIR[1]     ; OUT_B[17]   ; 11.259 ; 12.296 ; 12.296 ; 11.259 ;
; MIR[1]     ; OUT_B[18]   ; 10.969 ; 11.999 ; 11.999 ; 10.969 ;
; MIR[1]     ; OUT_B[19]   ; 10.622 ; 11.430 ; 11.430 ; 10.622 ;
; MIR[1]     ; OUT_B[20]   ; 10.700 ; 11.522 ; 11.522 ; 10.700 ;
; MIR[1]     ; OUT_B[21]   ; 10.170 ; 10.465 ; 10.465 ; 10.170 ;
; MIR[1]     ; OUT_B[22]   ; 10.190 ; 10.485 ; 10.485 ; 10.190 ;
; MIR[1]     ; OUT_B[23]   ; 10.969 ; 11.999 ; 11.999 ; 10.969 ;
; MIR[1]     ; OUT_B[24]   ; 10.945 ; 11.215 ; 11.215 ; 10.945 ;
; MIR[1]     ; OUT_B[25]   ; 11.233 ; 12.281 ; 12.281 ; 11.233 ;
; MIR[1]     ; OUT_B[26]   ; 11.383 ; 11.423 ; 11.423 ; 11.383 ;
; MIR[1]     ; OUT_B[27]   ; 11.314 ; 12.106 ; 12.106 ; 11.314 ;
; MIR[1]     ; OUT_B[28]   ; 11.354 ; 12.151 ; 12.151 ; 11.354 ;
; MIR[1]     ; OUT_B[29]   ; 10.622 ; 11.430 ; 11.430 ; 10.622 ;
; MIR[1]     ; OUT_B[30]   ; 11.203 ; 11.244 ; 11.244 ; 11.203 ;
; MIR[1]     ; OUT_B[31]   ; 11.193 ; 11.233 ; 11.233 ; 11.193 ;
; MIR[2]     ; OUT_B[0]    ; 9.423  ; 9.163  ; 9.163  ; 9.423  ;
; MIR[2]     ; OUT_B[1]    ; 9.247  ; 9.164  ; 9.164  ; 9.247  ;
; MIR[2]     ; OUT_B[2]    ; 10.667 ; 10.667 ; 10.667 ; 10.667 ;
; MIR[2]     ; OUT_B[3]    ; 9.163  ; 9.163  ; 9.163  ; 9.163  ;
; MIR[2]     ; OUT_B[4]    ; 9.290  ; 9.163  ; 9.163  ; 9.290  ;
; MIR[2]     ; OUT_B[5]    ; 9.138  ; 9.138  ; 9.138  ; 9.138  ;
; MIR[2]     ; OUT_B[6]    ; 9.240  ; 9.158  ; 9.158  ; 9.240  ;
; MIR[2]     ; OUT_B[7]    ; 9.224  ; 9.154  ; 9.154  ; 9.224  ;
; MIR[2]     ; OUT_B[8]    ; 10.173 ; 9.878  ; 9.878  ; 10.173 ;
; MIR[2]     ; OUT_B[9]    ; 11.218 ; 10.378 ; 10.378 ; 11.218 ;
; MIR[2]     ; OUT_B[10]   ; 11.644 ; 10.831 ; 10.831 ; 11.644 ;
; MIR[2]     ; OUT_B[11]   ; 11.839 ; 11.042 ; 11.042 ; 11.839 ;
; MIR[2]     ; OUT_B[12]   ; 11.611 ; 11.036 ; 11.036 ; 11.611 ;
; MIR[2]     ; OUT_B[13]   ; 10.909 ; 10.637 ; 10.637 ; 10.909 ;
; MIR[2]     ; OUT_B[14]   ; 11.842 ; 10.812 ; 10.812 ; 11.842 ;
; MIR[2]     ; OUT_B[15]   ; 11.667 ; 10.637 ; 10.637 ; 11.667 ;
; MIR[2]     ; OUT_B[16]   ; 10.903 ; 10.633 ; 10.633 ; 10.903 ;
; MIR[2]     ; OUT_B[17]   ; 11.984 ; 10.947 ; 10.947 ; 11.984 ;
; MIR[2]     ; OUT_B[18]   ; 11.687 ; 10.657 ; 10.657 ; 11.687 ;
; MIR[2]     ; OUT_B[19]   ; 11.118 ; 10.310 ; 10.310 ; 11.118 ;
; MIR[2]     ; OUT_B[20]   ; 11.210 ; 10.388 ; 10.388 ; 11.210 ;
; MIR[2]     ; OUT_B[21]   ; 10.153 ; 9.858  ; 9.858  ; 10.153 ;
; MIR[2]     ; OUT_B[22]   ; 10.173 ; 9.878  ; 9.878  ; 10.173 ;
; MIR[2]     ; OUT_B[23]   ; 11.687 ; 10.657 ; 10.657 ; 11.687 ;
; MIR[2]     ; OUT_B[24]   ; 10.903 ; 10.633 ; 10.633 ; 10.903 ;
; MIR[2]     ; OUT_B[25]   ; 11.969 ; 10.921 ; 10.921 ; 11.969 ;
; MIR[2]     ; OUT_B[26]   ; 11.111 ; 11.071 ; 11.071 ; 11.111 ;
; MIR[2]     ; OUT_B[27]   ; 11.794 ; 11.002 ; 11.002 ; 11.794 ;
; MIR[2]     ; OUT_B[28]   ; 11.839 ; 11.042 ; 11.042 ; 11.839 ;
; MIR[2]     ; OUT_B[29]   ; 11.118 ; 10.310 ; 10.310 ; 11.118 ;
; MIR[2]     ; OUT_B[30]   ; 10.932 ; 10.891 ; 10.891 ; 10.932 ;
; MIR[2]     ; OUT_B[31]   ; 10.921 ; 10.881 ; 10.881 ; 10.921 ;
; MIR[3]     ; OUT_B[0]    ; 9.470  ; 9.284  ; 9.284  ; 9.470  ;
; MIR[3]     ; OUT_B[1]    ; 9.293  ; 9.285  ; 9.285  ; 9.293  ;
; MIR[3]     ; OUT_B[2]    ; 10.788 ; 10.788 ; 10.788 ; 10.788 ;
; MIR[3]     ; OUT_B[3]    ; 9.503  ; 9.284  ; 9.284  ; 9.503  ;
; MIR[3]     ; OUT_B[4]    ; 9.333  ; 9.284  ; 9.284  ; 9.333  ;
; MIR[3]     ; OUT_B[5]    ; 9.465  ; 9.259  ; 9.259  ; 9.465  ;
; MIR[3]     ; OUT_B[6]    ; 9.279  ; 9.279  ; 9.279  ; 9.279  ;
; MIR[3]     ; OUT_B[7]    ; 9.275  ; 9.275  ; 9.275  ; 9.275  ;
; MIR[3]     ; OUT_B[8]    ; 10.294 ; 9.999  ; 9.999  ; 10.294 ;
; MIR[3]     ; OUT_B[9]    ; 11.339 ; 10.499 ; 10.499 ; 11.339 ;
; MIR[3]     ; OUT_B[10]   ; 11.765 ; 10.952 ; 10.952 ; 11.765 ;
; MIR[3]     ; OUT_B[11]   ; 11.960 ; 11.163 ; 11.163 ; 11.960 ;
; MIR[3]     ; OUT_B[12]   ; 11.732 ; 11.157 ; 11.157 ; 11.732 ;
; MIR[3]     ; OUT_B[13]   ; 11.030 ; 10.758 ; 10.758 ; 11.030 ;
; MIR[3]     ; OUT_B[14]   ; 11.963 ; 10.933 ; 10.933 ; 11.963 ;
; MIR[3]     ; OUT_B[15]   ; 11.788 ; 10.758 ; 10.758 ; 11.788 ;
; MIR[3]     ; OUT_B[16]   ; 11.024 ; 10.754 ; 10.754 ; 11.024 ;
; MIR[3]     ; OUT_B[17]   ; 12.105 ; 11.068 ; 11.068 ; 12.105 ;
; MIR[3]     ; OUT_B[18]   ; 11.808 ; 10.778 ; 10.778 ; 11.808 ;
; MIR[3]     ; OUT_B[19]   ; 11.239 ; 10.431 ; 10.431 ; 11.239 ;
; MIR[3]     ; OUT_B[20]   ; 11.331 ; 10.509 ; 10.509 ; 11.331 ;
; MIR[3]     ; OUT_B[21]   ; 10.274 ; 9.979  ; 9.979  ; 10.274 ;
; MIR[3]     ; OUT_B[22]   ; 10.294 ; 9.999  ; 9.999  ; 10.294 ;
; MIR[3]     ; OUT_B[23]   ; 11.808 ; 10.778 ; 10.778 ; 11.808 ;
; MIR[3]     ; OUT_B[24]   ; 11.024 ; 10.754 ; 10.754 ; 11.024 ;
; MIR[3]     ; OUT_B[25]   ; 12.090 ; 11.042 ; 11.042 ; 12.090 ;
; MIR[3]     ; OUT_B[26]   ; 11.232 ; 11.192 ; 11.192 ; 11.232 ;
; MIR[3]     ; OUT_B[27]   ; 11.915 ; 11.123 ; 11.123 ; 11.915 ;
; MIR[3]     ; OUT_B[28]   ; 11.960 ; 11.163 ; 11.163 ; 11.960 ;
; MIR[3]     ; OUT_B[29]   ; 11.239 ; 10.431 ; 10.431 ; 11.239 ;
; MIR[3]     ; OUT_B[30]   ; 11.053 ; 11.012 ; 11.012 ; 11.053 ;
; MIR[3]     ; OUT_B[31]   ; 11.042 ; 11.002 ; 11.002 ; 11.042 ;
+------------+-------------+--------+--------+--------+--------+


+--------------------------------------------------------------+
; Minimum Propagation Delay                                    ;
+------------+-------------+--------+--------+--------+--------+
; Input Port ; Output Port ; RR     ; RF     ; FR     ; FF     ;
+------------+-------------+--------+--------+--------+--------+
; MIR[0]     ; OUT_B[8]    ; 9.846  ; 9.846  ; 9.846  ; 9.846  ;
; MIR[0]     ; OUT_B[9]    ; 10.891 ; 10.891 ; 10.891 ; 10.891 ;
; MIR[0]     ; OUT_B[10]   ; 11.317 ; 11.317 ; 11.317 ; 11.317 ;
; MIR[0]     ; OUT_B[11]   ; 11.512 ; 11.512 ; 11.512 ; 11.512 ;
; MIR[0]     ; OUT_B[12]   ; 11.284 ; 11.284 ; 11.284 ; 11.284 ;
; MIR[0]     ; OUT_B[13]   ; 10.582 ; 10.582 ; 10.582 ; 10.582 ;
; MIR[0]     ; OUT_B[14]   ; 11.515 ; 11.515 ; 11.515 ; 11.515 ;
; MIR[0]     ; OUT_B[15]   ; 11.340 ; 11.340 ; 11.340 ; 11.340 ;
; MIR[0]     ; OUT_B[16]   ; 10.576 ; 10.576 ; 10.576 ; 10.576 ;
; MIR[0]     ; OUT_B[17]   ; 11.657 ; 11.657 ; 11.657 ; 11.657 ;
; MIR[0]     ; OUT_B[18]   ; 11.360 ; 11.360 ; 11.360 ; 11.360 ;
; MIR[0]     ; OUT_B[19]   ; 10.791 ; 10.791 ; 10.791 ; 10.791 ;
; MIR[0]     ; OUT_B[20]   ; 10.883 ; 10.883 ; 10.883 ; 10.883 ;
; MIR[0]     ; OUT_B[21]   ; 9.826  ; 9.826  ; 9.826  ; 9.826  ;
; MIR[0]     ; OUT_B[22]   ; 9.846  ; 9.846  ; 9.846  ; 9.846  ;
; MIR[0]     ; OUT_B[23]   ; 11.360 ; 11.360 ; 11.360 ; 11.360 ;
; MIR[0]     ; OUT_B[24]   ; 10.576 ; 10.576 ; 10.576 ; 10.576 ;
; MIR[0]     ; OUT_B[25]   ; 11.642 ; 11.642 ; 11.642 ; 11.642 ;
; MIR[0]     ; OUT_B[26]   ; 10.784 ; 10.784 ; 10.784 ; 10.784 ;
; MIR[0]     ; OUT_B[27]   ; 11.467 ; 11.467 ; 11.467 ; 11.467 ;
; MIR[0]     ; OUT_B[28]   ; 11.512 ; 11.512 ; 11.512 ; 11.512 ;
; MIR[0]     ; OUT_B[29]   ; 10.791 ; 10.791 ; 10.791 ; 10.791 ;
; MIR[0]     ; OUT_B[30]   ; 10.605 ; 10.605 ; 10.605 ; 10.605 ;
; MIR[0]     ; OUT_B[31]   ; 10.594 ; 10.594 ; 10.594 ; 10.594 ;
; MIR[1]     ; OUT_B[0]    ; 9.475  ; 9.475  ; 9.475  ; 9.475  ;
; MIR[1]     ; OUT_B[1]    ; 9.476  ; 9.476  ; 9.476  ; 9.476  ;
; MIR[1]     ; OUT_B[2]    ; 10.979 ; 10.072 ; 10.072 ; 10.979 ;
; MIR[1]     ; OUT_B[3]    ; 9.475  ; 9.475  ; 9.475  ; 9.475  ;
; MIR[1]     ; OUT_B[4]    ; 9.475  ; 9.475  ; 9.475  ; 9.475  ;
; MIR[1]     ; OUT_B[5]    ; 9.450  ; 9.450  ; 9.450  ; 9.450  ;
; MIR[1]     ; OUT_B[6]    ; 9.470  ; 9.470  ; 9.470  ; 9.470  ;
; MIR[1]     ; OUT_B[7]    ; 9.466  ; 9.466  ; 9.466  ; 9.466  ;
; MIR[1]     ; OUT_B[8]    ; 10.190 ; 10.190 ; 10.190 ; 10.190 ;
; MIR[1]     ; OUT_B[9]    ; 10.690 ; 10.690 ; 10.690 ; 10.690 ;
; MIR[1]     ; OUT_B[10]   ; 11.143 ; 11.143 ; 11.143 ; 11.143 ;
; MIR[1]     ; OUT_B[11]   ; 11.354 ; 11.354 ; 11.354 ; 11.354 ;
; MIR[1]     ; OUT_B[12]   ; 11.348 ; 11.348 ; 11.348 ; 11.348 ;
; MIR[1]     ; OUT_B[13]   ; 10.949 ; 10.949 ; 10.949 ; 10.949 ;
; MIR[1]     ; OUT_B[14]   ; 11.124 ; 11.124 ; 11.124 ; 11.124 ;
; MIR[1]     ; OUT_B[15]   ; 10.949 ; 10.949 ; 10.949 ; 10.949 ;
; MIR[1]     ; OUT_B[16]   ; 10.945 ; 10.945 ; 10.945 ; 10.945 ;
; MIR[1]     ; OUT_B[17]   ; 11.259 ; 11.259 ; 11.259 ; 11.259 ;
; MIR[1]     ; OUT_B[18]   ; 10.969 ; 10.969 ; 10.969 ; 10.969 ;
; MIR[1]     ; OUT_B[19]   ; 10.622 ; 10.622 ; 10.622 ; 10.622 ;
; MIR[1]     ; OUT_B[20]   ; 10.700 ; 10.700 ; 10.700 ; 10.700 ;
; MIR[1]     ; OUT_B[21]   ; 10.170 ; 10.170 ; 10.170 ; 10.170 ;
; MIR[1]     ; OUT_B[22]   ; 10.190 ; 10.190 ; 10.190 ; 10.190 ;
; MIR[1]     ; OUT_B[23]   ; 10.969 ; 10.969 ; 10.969 ; 10.969 ;
; MIR[1]     ; OUT_B[24]   ; 10.945 ; 10.945 ; 10.945 ; 10.945 ;
; MIR[1]     ; OUT_B[25]   ; 11.233 ; 11.233 ; 11.233 ; 11.233 ;
; MIR[1]     ; OUT_B[26]   ; 11.383 ; 11.383 ; 11.383 ; 11.383 ;
; MIR[1]     ; OUT_B[27]   ; 11.314 ; 11.314 ; 11.314 ; 11.314 ;
; MIR[1]     ; OUT_B[28]   ; 11.354 ; 11.354 ; 11.354 ; 11.354 ;
; MIR[1]     ; OUT_B[29]   ; 10.622 ; 10.622 ; 10.622 ; 10.622 ;
; MIR[1]     ; OUT_B[30]   ; 11.203 ; 11.203 ; 11.203 ; 11.203 ;
; MIR[1]     ; OUT_B[31]   ; 11.193 ; 11.193 ; 11.193 ; 11.193 ;
; MIR[2]     ; OUT_B[0]    ; 9.163  ; 9.163  ; 9.163  ; 9.163  ;
; MIR[2]     ; OUT_B[1]    ; 9.164  ; 9.164  ; 9.164  ; 9.164  ;
; MIR[2]     ; OUT_B[2]    ; 9.795  ; 10.667 ; 10.667 ; 9.795  ;
; MIR[2]     ; OUT_B[3]    ; 8.940  ; 9.163  ; 9.163  ; 8.940  ;
; MIR[2]     ; OUT_B[4]    ; 9.163  ; 9.163  ; 9.163  ; 9.163  ;
; MIR[2]     ; OUT_B[5]    ; 8.914  ; 9.138  ; 9.138  ; 8.914  ;
; MIR[2]     ; OUT_B[6]    ; 9.158  ; 9.158  ; 9.158  ; 9.158  ;
; MIR[2]     ; OUT_B[7]    ; 9.154  ; 9.154  ; 9.154  ; 9.154  ;
; MIR[2]     ; OUT_B[8]    ; 9.878  ; 9.878  ; 9.878  ; 9.878  ;
; MIR[2]     ; OUT_B[9]    ; 10.378 ; 10.378 ; 10.378 ; 10.378 ;
; MIR[2]     ; OUT_B[10]   ; 10.831 ; 10.831 ; 10.831 ; 10.831 ;
; MIR[2]     ; OUT_B[11]   ; 11.042 ; 11.042 ; 11.042 ; 11.042 ;
; MIR[2]     ; OUT_B[12]   ; 11.036 ; 11.036 ; 11.036 ; 11.036 ;
; MIR[2]     ; OUT_B[13]   ; 10.637 ; 10.637 ; 10.637 ; 10.637 ;
; MIR[2]     ; OUT_B[14]   ; 10.812 ; 10.812 ; 10.812 ; 10.812 ;
; MIR[2]     ; OUT_B[15]   ; 10.637 ; 10.637 ; 10.637 ; 10.637 ;
; MIR[2]     ; OUT_B[16]   ; 10.633 ; 10.633 ; 10.633 ; 10.633 ;
; MIR[2]     ; OUT_B[17]   ; 10.947 ; 10.947 ; 10.947 ; 10.947 ;
; MIR[2]     ; OUT_B[18]   ; 10.657 ; 10.657 ; 10.657 ; 10.657 ;
; MIR[2]     ; OUT_B[19]   ; 10.310 ; 10.310 ; 10.310 ; 10.310 ;
; MIR[2]     ; OUT_B[20]   ; 10.388 ; 10.388 ; 10.388 ; 10.388 ;
; MIR[2]     ; OUT_B[21]   ; 9.858  ; 9.858  ; 9.858  ; 9.858  ;
; MIR[2]     ; OUT_B[22]   ; 9.878  ; 9.878  ; 9.878  ; 9.878  ;
; MIR[2]     ; OUT_B[23]   ; 10.657 ; 10.657 ; 10.657 ; 10.657 ;
; MIR[2]     ; OUT_B[24]   ; 10.633 ; 10.633 ; 10.633 ; 10.633 ;
; MIR[2]     ; OUT_B[25]   ; 10.921 ; 10.921 ; 10.921 ; 10.921 ;
; MIR[2]     ; OUT_B[26]   ; 11.071 ; 11.071 ; 11.071 ; 11.071 ;
; MIR[2]     ; OUT_B[27]   ; 11.002 ; 11.002 ; 11.002 ; 11.002 ;
; MIR[2]     ; OUT_B[28]   ; 11.042 ; 11.042 ; 11.042 ; 11.042 ;
; MIR[2]     ; OUT_B[29]   ; 10.310 ; 10.310 ; 10.310 ; 10.310 ;
; MIR[2]     ; OUT_B[30]   ; 10.891 ; 10.891 ; 10.891 ; 10.891 ;
; MIR[2]     ; OUT_B[31]   ; 10.881 ; 10.881 ; 10.881 ; 10.881 ;
; MIR[3]     ; OUT_B[0]    ; 9.284  ; 9.284  ; 9.284  ; 9.284  ;
; MIR[3]     ; OUT_B[1]    ; 9.285  ; 9.285  ; 9.285  ; 9.285  ;
; MIR[3]     ; OUT_B[2]    ; 9.844  ; 10.788 ; 10.788 ; 9.844  ;
; MIR[3]     ; OUT_B[3]    ; 9.284  ; 9.284  ; 9.284  ; 9.284  ;
; MIR[3]     ; OUT_B[4]    ; 9.284  ; 9.284  ; 9.284  ; 9.284  ;
; MIR[3]     ; OUT_B[5]    ; 9.259  ; 9.259  ; 9.259  ; 9.259  ;
; MIR[3]     ; OUT_B[6]    ; 9.275  ; 9.279  ; 9.279  ; 9.275  ;
; MIR[3]     ; OUT_B[7]    ; 9.274  ; 9.275  ; 9.275  ; 9.274  ;
; MIR[3]     ; OUT_B[8]    ; 9.999  ; 9.999  ; 9.999  ; 9.999  ;
; MIR[3]     ; OUT_B[9]    ; 10.499 ; 10.499 ; 10.499 ; 10.499 ;
; MIR[3]     ; OUT_B[10]   ; 10.952 ; 10.952 ; 10.952 ; 10.952 ;
; MIR[3]     ; OUT_B[11]   ; 11.163 ; 11.163 ; 11.163 ; 11.163 ;
; MIR[3]     ; OUT_B[12]   ; 11.157 ; 11.157 ; 11.157 ; 11.157 ;
; MIR[3]     ; OUT_B[13]   ; 10.758 ; 10.758 ; 10.758 ; 10.758 ;
; MIR[3]     ; OUT_B[14]   ; 10.933 ; 10.933 ; 10.933 ; 10.933 ;
; MIR[3]     ; OUT_B[15]   ; 10.758 ; 10.758 ; 10.758 ; 10.758 ;
; MIR[3]     ; OUT_B[16]   ; 10.754 ; 10.754 ; 10.754 ; 10.754 ;
; MIR[3]     ; OUT_B[17]   ; 11.068 ; 11.068 ; 11.068 ; 11.068 ;
; MIR[3]     ; OUT_B[18]   ; 10.778 ; 10.778 ; 10.778 ; 10.778 ;
; MIR[3]     ; OUT_B[19]   ; 10.431 ; 10.431 ; 10.431 ; 10.431 ;
; MIR[3]     ; OUT_B[20]   ; 10.509 ; 10.509 ; 10.509 ; 10.509 ;
; MIR[3]     ; OUT_B[21]   ; 9.979  ; 9.979  ; 9.979  ; 9.979  ;
; MIR[3]     ; OUT_B[22]   ; 9.999  ; 9.999  ; 9.999  ; 9.999  ;
; MIR[3]     ; OUT_B[23]   ; 10.778 ; 10.778 ; 10.778 ; 10.778 ;
; MIR[3]     ; OUT_B[24]   ; 10.754 ; 10.754 ; 10.754 ; 10.754 ;
; MIR[3]     ; OUT_B[25]   ; 11.042 ; 11.042 ; 11.042 ; 11.042 ;
; MIR[3]     ; OUT_B[26]   ; 11.192 ; 11.192 ; 11.192 ; 11.192 ;
; MIR[3]     ; OUT_B[27]   ; 11.123 ; 11.123 ; 11.123 ; 11.123 ;
; MIR[3]     ; OUT_B[28]   ; 11.163 ; 11.163 ; 11.163 ; 11.163 ;
; MIR[3]     ; OUT_B[29]   ; 10.431 ; 10.431 ; 10.431 ; 10.431 ;
; MIR[3]     ; OUT_B[30]   ; 11.012 ; 11.012 ; 11.012 ; 11.012 ;
; MIR[3]     ; OUT_B[31]   ; 11.002 ; 11.002 ; 11.002 ; 11.002 ;
+------------+-------------+--------+--------+--------+--------+


----------------------------
; Fast Model Setup Summary ;
----------------------------
No paths to report.


---------------------------
; Fast Model Hold Summary ;
---------------------------
No paths to report.


-------------------------------
; Fast Model Recovery Summary ;
-------------------------------
No paths to report.


------------------------------
; Fast Model Removal Summary ;
------------------------------
No paths to report.


+----------------------------------------+
; Fast Model Minimum Pulse Width Summary ;
+-------+--------+-----------------------+
; Clock ; Slack  ; End Point TNS         ;
+-------+--------+-----------------------+
; CLOCK ; -1.222 ; -11.222               ;
+-------+--------+-----------------------+


+--------------------------------------------------------------------------------------------------------------------------------------+
; Fast Model Minimum Pulse Width: 'CLOCK'                                                                                              ;
+--------+--------------+----------------+------------------+-------+------------+-----------------------------------------------------+
; Slack  ; Actual Width ; Required Width ; Type             ; Clock ; Clock Edge ; Target                                              ;
+--------+--------------+----------------+------------------+-------+------------+-----------------------------------------------------+
; -1.222 ; 1.000        ; 2.222          ; Port Rate        ; CLOCK ; Rise       ; CLOCK                                               ;
; -0.500 ; 0.500        ; 1.000          ; High Pulse Width ; CLOCK ; Rise       ; REGISTER_32bits:inst1|REGISTER_8bit:inst7|inst23    ;
; -0.500 ; 0.500        ; 1.000          ; Low Pulse Width  ; CLOCK ; Rise       ; REGISTER_32bits:inst1|REGISTER_8bit:inst7|inst23    ;
; -0.500 ; 0.500        ; 1.000          ; High Pulse Width ; CLOCK ; Rise       ; REGISTER_32bits:inst|REGISTER_8bit:inst3|inst13     ;
; -0.500 ; 0.500        ; 1.000          ; Low Pulse Width  ; CLOCK ; Rise       ; REGISTER_32bits:inst|REGISTER_8bit:inst3|inst13     ;
; -0.500 ; 0.500        ; 1.000          ; High Pulse Width ; CLOCK ; Rise       ; REGISTER_32bits:inst|REGISTER_8bit:inst3|inst16     ;
; -0.500 ; 0.500        ; 1.000          ; Low Pulse Width  ; CLOCK ; Rise       ; REGISTER_32bits:inst|REGISTER_8bit:inst3|inst16     ;
; -0.500 ; 0.500        ; 1.000          ; High Pulse Width ; CLOCK ; Rise       ; REGISTER_32bits:inst|REGISTER_8bit:inst3|inst20     ;
; -0.500 ; 0.500        ; 1.000          ; Low Pulse Width  ; CLOCK ; Rise       ; REGISTER_32bits:inst|REGISTER_8bit:inst3|inst20     ;
; -0.500 ; 0.500        ; 1.000          ; High Pulse Width ; CLOCK ; Rise       ; REGISTER_32bits:inst|REGISTER_8bit:inst3|inst23     ;
; -0.500 ; 0.500        ; 1.000          ; Low Pulse Width  ; CLOCK ; Rise       ; REGISTER_32bits:inst|REGISTER_8bit:inst3|inst23     ;
; -0.500 ; 0.500        ; 1.000          ; High Pulse Width ; CLOCK ; Rise       ; REGISTER_32bits:inst|REGISTER_8bit:inst3|inst3      ;
; -0.500 ; 0.500        ; 1.000          ; Low Pulse Width  ; CLOCK ; Rise       ; REGISTER_32bits:inst|REGISTER_8bit:inst3|inst3      ;
; -0.500 ; 0.500        ; 1.000          ; High Pulse Width ; CLOCK ; Rise       ; REGISTER_32bits:inst|REGISTER_8bit:inst3|inst300099 ;
; -0.500 ; 0.500        ; 1.000          ; Low Pulse Width  ; CLOCK ; Rise       ; REGISTER_32bits:inst|REGISTER_8bit:inst3|inst300099 ;
; -0.500 ; 0.500        ; 1.000          ; High Pulse Width ; CLOCK ; Rise       ; REGISTER_32bits:inst|REGISTER_8bit:inst3|inst6      ;
; -0.500 ; 0.500        ; 1.000          ; Low Pulse Width  ; CLOCK ; Rise       ; REGISTER_32bits:inst|REGISTER_8bit:inst3|inst6      ;
; -0.500 ; 0.500        ; 1.000          ; High Pulse Width ; CLOCK ; Rise       ; REGISTER_32bits:inst|REGISTER_8bit:inst3|inst9      ;
; -0.500 ; 0.500        ; 1.000          ; Low Pulse Width  ; CLOCK ; Rise       ; REGISTER_32bits:inst|REGISTER_8bit:inst3|inst9      ;
; -0.500 ; 0.500        ; 1.000          ; High Pulse Width ; CLOCK ; Rise       ; inst2                                               ;
; -0.500 ; 0.500        ; 1.000          ; Low Pulse Width  ; CLOCK ; Rise       ; inst2                                               ;
; 0.500  ; 0.500        ; 0.000          ; High Pulse Width ; CLOCK ; Rise       ; CLOCK|combout                                       ;
; 0.500  ; 0.500        ; 0.000          ; Low Pulse Width  ; CLOCK ; Rise       ; CLOCK|combout                                       ;
; 0.500  ; 0.500        ; 0.000          ; High Pulse Width ; CLOCK ; Rise       ; inst1|inst7|inst23|clk                              ;
; 0.500  ; 0.500        ; 0.000          ; Low Pulse Width  ; CLOCK ; Rise       ; inst1|inst7|inst23|clk                              ;
; 0.500  ; 0.500        ; 0.000          ; High Pulse Width ; CLOCK ; Rise       ; inst2|clk                                           ;
; 0.500  ; 0.500        ; 0.000          ; Low Pulse Width  ; CLOCK ; Rise       ; inst2|clk                                           ;
; 0.500  ; 0.500        ; 0.000          ; High Pulse Width ; CLOCK ; Rise       ; inst3|combout                                       ;
; 0.500  ; 0.500        ; 0.000          ; Low Pulse Width  ; CLOCK ; Rise       ; inst3|combout                                       ;
; 0.500  ; 0.500        ; 0.000          ; High Pulse Width ; CLOCK ; Rise       ; inst3|datad                                         ;
; 0.500  ; 0.500        ; 0.000          ; Low Pulse Width  ; CLOCK ; Rise       ; inst3|datad                                         ;
; 0.500  ; 0.500        ; 0.000          ; High Pulse Width ; CLOCK ; Rise       ; inst3~clkctrl|inclk[0]                              ;
; 0.500  ; 0.500        ; 0.000          ; Low Pulse Width  ; CLOCK ; Rise       ; inst3~clkctrl|inclk[0]                              ;
; 0.500  ; 0.500        ; 0.000          ; High Pulse Width ; CLOCK ; Rise       ; inst3~clkctrl|outclk                                ;
; 0.500  ; 0.500        ; 0.000          ; Low Pulse Width  ; CLOCK ; Rise       ; inst3~clkctrl|outclk                                ;
; 0.500  ; 0.500        ; 0.000          ; High Pulse Width ; CLOCK ; Rise       ; inst|inst3|inst13|clk                               ;
; 0.500  ; 0.500        ; 0.000          ; Low Pulse Width  ; CLOCK ; Rise       ; inst|inst3|inst13|clk                               ;
; 0.500  ; 0.500        ; 0.000          ; High Pulse Width ; CLOCK ; Rise       ; inst|inst3|inst16|clk                               ;
; 0.500  ; 0.500        ; 0.000          ; Low Pulse Width  ; CLOCK ; Rise       ; inst|inst3|inst16|clk                               ;
; 0.500  ; 0.500        ; 0.000          ; High Pulse Width ; CLOCK ; Rise       ; inst|inst3|inst20|clk                               ;
; 0.500  ; 0.500        ; 0.000          ; Low Pulse Width  ; CLOCK ; Rise       ; inst|inst3|inst20|clk                               ;
; 0.500  ; 0.500        ; 0.000          ; High Pulse Width ; CLOCK ; Rise       ; inst|inst3|inst23|clk                               ;
; 0.500  ; 0.500        ; 0.000          ; Low Pulse Width  ; CLOCK ; Rise       ; inst|inst3|inst23|clk                               ;
; 0.500  ; 0.500        ; 0.000          ; High Pulse Width ; CLOCK ; Rise       ; inst|inst3|inst300099|clk                           ;
; 0.500  ; 0.500        ; 0.000          ; Low Pulse Width  ; CLOCK ; Rise       ; inst|inst3|inst300099|clk                           ;
; 0.500  ; 0.500        ; 0.000          ; High Pulse Width ; CLOCK ; Rise       ; inst|inst3|inst3|clk                                ;
; 0.500  ; 0.500        ; 0.000          ; Low Pulse Width  ; CLOCK ; Rise       ; inst|inst3|inst3|clk                                ;
; 0.500  ; 0.500        ; 0.000          ; High Pulse Width ; CLOCK ; Rise       ; inst|inst3|inst6|clk                                ;
; 0.500  ; 0.500        ; 0.000          ; Low Pulse Width  ; CLOCK ; Rise       ; inst|inst3|inst6|clk                                ;
; 0.500  ; 0.500        ; 0.000          ; High Pulse Width ; CLOCK ; Rise       ; inst|inst3|inst9|clk                                ;
; 0.500  ; 0.500        ; 0.000          ; Low Pulse Width  ; CLOCK ; Rise       ; inst|inst3|inst9|clk                                ;
+--------+--------------+----------------+------------------+-------+------------+-----------------------------------------------------+


+------------------------------------------------------------------------------+
; Setup Times                                                                  ;
+------------------+------------+-------+-------+------------+-----------------+
; Data Port        ; Clock Port ; Rise  ; Fall  ; Clock Edge ; Clock Reference ;
+------------------+------------+-------+-------+------------+-----------------+
; MIR[*]           ; CLOCK      ; 2.177 ; 2.177 ; Rise       ; CLOCK           ;
;  MIR[4]          ; CLOCK      ; 2.177 ; 2.177 ; Rise       ; CLOCK           ;
; PROGRAM_BYTE[*]  ; CLOCK      ; 1.382 ; 1.382 ; Rise       ; CLOCK           ;
;  PROGRAM_BYTE[0] ; CLOCK      ; 1.320 ; 1.320 ; Rise       ; CLOCK           ;
;  PROGRAM_BYTE[1] ; CLOCK      ; 1.295 ; 1.295 ; Rise       ; CLOCK           ;
;  PROGRAM_BYTE[2] ; CLOCK      ; 1.322 ; 1.322 ; Rise       ; CLOCK           ;
;  PROGRAM_BYTE[3] ; CLOCK      ; 1.204 ; 1.204 ; Rise       ; CLOCK           ;
;  PROGRAM_BYTE[4] ; CLOCK      ; 1.382 ; 1.382 ; Rise       ; CLOCK           ;
;  PROGRAM_BYTE[5] ; CLOCK      ; 1.324 ; 1.324 ; Rise       ; CLOCK           ;
;  PROGRAM_BYTE[6] ; CLOCK      ; 1.300 ; 1.300 ; Rise       ; CLOCK           ;
;  PROGRAM_BYTE[7] ; CLOCK      ; 1.276 ; 1.276 ; Rise       ; CLOCK           ;
+------------------+------------+-------+-------+------------+-----------------+


+--------------------------------------------------------------------------------+
; Hold Times                                                                     ;
+------------------+------------+--------+--------+------------+-----------------+
; Data Port        ; Clock Port ; Rise   ; Fall   ; Clock Edge ; Clock Reference ;
+------------------+------------+--------+--------+------------+-----------------+
; MIR[*]           ; CLOCK      ; -2.057 ; -2.057 ; Rise       ; CLOCK           ;
;  MIR[4]          ; CLOCK      ; -2.057 ; -2.057 ; Rise       ; CLOCK           ;
; PROGRAM_BYTE[*]  ; CLOCK      ; -1.084 ; -1.084 ; Rise       ; CLOCK           ;
;  PROGRAM_BYTE[0] ; CLOCK      ; -1.200 ; -1.200 ; Rise       ; CLOCK           ;
;  PROGRAM_BYTE[1] ; CLOCK      ; -1.175 ; -1.175 ; Rise       ; CLOCK           ;
;  PROGRAM_BYTE[2] ; CLOCK      ; -1.202 ; -1.202 ; Rise       ; CLOCK           ;
;  PROGRAM_BYTE[3] ; CLOCK      ; -1.084 ; -1.084 ; Rise       ; CLOCK           ;
;  PROGRAM_BYTE[4] ; CLOCK      ; -1.262 ; -1.262 ; Rise       ; CLOCK           ;
;  PROGRAM_BYTE[5] ; CLOCK      ; -1.204 ; -1.204 ; Rise       ; CLOCK           ;
;  PROGRAM_BYTE[6] ; CLOCK      ; -1.180 ; -1.180 ; Rise       ; CLOCK           ;
;  PROGRAM_BYTE[7] ; CLOCK      ; -1.156 ; -1.156 ; Rise       ; CLOCK           ;
+------------------+------------+--------+--------+------------+-----------------+


+-------------------------------------------------------------------------+
; Clock to Output Times                                                   ;
+-------------+------------+-------+-------+------------+-----------------+
; Data Port   ; Clock Port ; Rise  ; Fall  ; Clock Edge ; Clock Reference ;
+-------------+------------+-------+-------+------------+-----------------+
; OUT_B[*]    ; CLOCK      ; 5.359 ; 5.359 ; Rise       ; CLOCK           ;
;  OUT_B[0]   ; CLOCK      ; 4.478 ; 4.478 ; Rise       ; CLOCK           ;
;  OUT_B[1]   ; CLOCK      ; 4.296 ; 4.296 ; Rise       ; CLOCK           ;
;  OUT_B[2]   ; CLOCK      ; 4.681 ; 4.681 ; Rise       ; CLOCK           ;
;  OUT_B[3]   ; CLOCK      ; 4.246 ; 4.246 ; Rise       ; CLOCK           ;
;  OUT_B[4]   ; CLOCK      ; 4.226 ; 4.226 ; Rise       ; CLOCK           ;
;  OUT_B[5]   ; CLOCK      ; 4.221 ; 4.221 ; Rise       ; CLOCK           ;
;  OUT_B[6]   ; CLOCK      ; 4.205 ; 4.205 ; Rise       ; CLOCK           ;
;  OUT_B[7]   ; CLOCK      ; 4.282 ; 4.282 ; Rise       ; CLOCK           ;
;  OUT_B[8]   ; CLOCK      ; 4.564 ; 4.564 ; Rise       ; CLOCK           ;
;  OUT_B[9]   ; CLOCK      ; 5.092 ; 5.092 ; Rise       ; CLOCK           ;
;  OUT_B[10]  ; CLOCK      ; 5.321 ; 5.321 ; Rise       ; CLOCK           ;
;  OUT_B[11]  ; CLOCK      ; 5.345 ; 5.345 ; Rise       ; CLOCK           ;
;  OUT_B[12]  ; CLOCK      ; 5.287 ; 5.287 ; Rise       ; CLOCK           ;
;  OUT_B[13]  ; CLOCK      ; 4.936 ; 4.936 ; Rise       ; CLOCK           ;
;  OUT_B[14]  ; CLOCK      ; 5.342 ; 5.342 ; Rise       ; CLOCK           ;
;  OUT_B[15]  ; CLOCK      ; 5.193 ; 5.193 ; Rise       ; CLOCK           ;
;  OUT_B[16]  ; CLOCK      ; 4.932 ; 4.932 ; Rise       ; CLOCK           ;
;  OUT_B[17]  ; CLOCK      ; 5.359 ; 5.359 ; Rise       ; CLOCK           ;
;  OUT_B[18]  ; CLOCK      ; 5.213 ; 5.213 ; Rise       ; CLOCK           ;
;  OUT_B[19]  ; CLOCK      ; 5.021 ; 5.021 ; Rise       ; CLOCK           ;
;  OUT_B[20]  ; CLOCK      ; 5.085 ; 5.085 ; Rise       ; CLOCK           ;
;  OUT_B[21]  ; CLOCK      ; 4.544 ; 4.544 ; Rise       ; CLOCK           ;
;  OUT_B[22]  ; CLOCK      ; 4.564 ; 4.564 ; Rise       ; CLOCK           ;
;  OUT_B[23]  ; CLOCK      ; 5.213 ; 5.213 ; Rise       ; CLOCK           ;
;  OUT_B[24]  ; CLOCK      ; 4.932 ; 4.932 ; Rise       ; CLOCK           ;
;  OUT_B[25]  ; CLOCK      ; 5.333 ; 5.333 ; Rise       ; CLOCK           ;
;  OUT_B[26]  ; CLOCK      ; 5.076 ; 5.076 ; Rise       ; CLOCK           ;
;  OUT_B[27]  ; CLOCK      ; 5.303 ; 5.303 ; Rise       ; CLOCK           ;
;  OUT_B[28]  ; CLOCK      ; 5.345 ; 5.345 ; Rise       ; CLOCK           ;
;  OUT_B[29]  ; CLOCK      ; 5.021 ; 5.021 ; Rise       ; CLOCK           ;
;  OUT_B[30]  ; CLOCK      ; 4.956 ; 4.956 ; Rise       ; CLOCK           ;
;  OUT_B[31]  ; CLOCK      ; 4.946 ; 4.946 ; Rise       ; CLOCK           ;
; OUT_MBR[*]  ; CLOCK      ; 4.170 ; 4.170 ; Rise       ; CLOCK           ;
;  OUT_MBR[0] ; CLOCK      ; 4.170 ; 4.170 ; Rise       ; CLOCK           ;
;  OUT_MBR[1] ; CLOCK      ; 4.079 ; 4.079 ; Rise       ; CLOCK           ;
;  OUT_MBR[2] ; CLOCK      ; 4.069 ; 4.069 ; Rise       ; CLOCK           ;
;  OUT_MBR[3] ; CLOCK      ; 4.025 ; 4.025 ; Rise       ; CLOCK           ;
;  OUT_MBR[4] ; CLOCK      ; 4.024 ; 4.024 ; Rise       ; CLOCK           ;
;  OUT_MBR[5] ; CLOCK      ; 3.996 ; 3.996 ; Rise       ; CLOCK           ;
;  OUT_MBR[6] ; CLOCK      ; 3.996 ; 3.996 ; Rise       ; CLOCK           ;
;  OUT_MBR[7] ; CLOCK      ; 3.889 ; 3.889 ; Rise       ; CLOCK           ;
+-------------+------------+-------+-------+------------+-----------------+


+-------------------------------------------------------------------------+
; Minimum Clock to Output Times                                           ;
+-------------+------------+-------+-------+------------+-----------------+
; Data Port   ; Clock Port ; Rise  ; Fall  ; Clock Edge ; Clock Reference ;
+-------------+------------+-------+-------+------------+-----------------+
; OUT_B[*]    ; CLOCK      ; 4.205 ; 4.205 ; Rise       ; CLOCK           ;
;  OUT_B[0]   ; CLOCK      ; 4.478 ; 4.478 ; Rise       ; CLOCK           ;
;  OUT_B[1]   ; CLOCK      ; 4.296 ; 4.296 ; Rise       ; CLOCK           ;
;  OUT_B[2]   ; CLOCK      ; 4.681 ; 4.681 ; Rise       ; CLOCK           ;
;  OUT_B[3]   ; CLOCK      ; 4.246 ; 4.246 ; Rise       ; CLOCK           ;
;  OUT_B[4]   ; CLOCK      ; 4.226 ; 4.226 ; Rise       ; CLOCK           ;
;  OUT_B[5]   ; CLOCK      ; 4.221 ; 4.221 ; Rise       ; CLOCK           ;
;  OUT_B[6]   ; CLOCK      ; 4.205 ; 4.205 ; Rise       ; CLOCK           ;
;  OUT_B[7]   ; CLOCK      ; 4.282 ; 4.282 ; Rise       ; CLOCK           ;
;  OUT_B[8]   ; CLOCK      ; 4.432 ; 4.432 ; Rise       ; CLOCK           ;
;  OUT_B[9]   ; CLOCK      ; 4.960 ; 4.960 ; Rise       ; CLOCK           ;
;  OUT_B[10]  ; CLOCK      ; 5.189 ; 5.189 ; Rise       ; CLOCK           ;
;  OUT_B[11]  ; CLOCK      ; 5.213 ; 5.213 ; Rise       ; CLOCK           ;
;  OUT_B[12]  ; CLOCK      ; 5.155 ; 5.155 ; Rise       ; CLOCK           ;
;  OUT_B[13]  ; CLOCK      ; 4.804 ; 4.804 ; Rise       ; CLOCK           ;
;  OUT_B[14]  ; CLOCK      ; 5.210 ; 5.210 ; Rise       ; CLOCK           ;
;  OUT_B[15]  ; CLOCK      ; 5.061 ; 5.061 ; Rise       ; CLOCK           ;
;  OUT_B[16]  ; CLOCK      ; 4.800 ; 4.800 ; Rise       ; CLOCK           ;
;  OUT_B[17]  ; CLOCK      ; 5.227 ; 5.227 ; Rise       ; CLOCK           ;
;  OUT_B[18]  ; CLOCK      ; 5.081 ; 5.081 ; Rise       ; CLOCK           ;
;  OUT_B[19]  ; CLOCK      ; 4.889 ; 4.889 ; Rise       ; CLOCK           ;
;  OUT_B[20]  ; CLOCK      ; 4.953 ; 4.953 ; Rise       ; CLOCK           ;
;  OUT_B[21]  ; CLOCK      ; 4.412 ; 4.412 ; Rise       ; CLOCK           ;
;  OUT_B[22]  ; CLOCK      ; 4.432 ; 4.432 ; Rise       ; CLOCK           ;
;  OUT_B[23]  ; CLOCK      ; 5.081 ; 5.081 ; Rise       ; CLOCK           ;
;  OUT_B[24]  ; CLOCK      ; 4.800 ; 4.800 ; Rise       ; CLOCK           ;
;  OUT_B[25]  ; CLOCK      ; 5.201 ; 5.201 ; Rise       ; CLOCK           ;
;  OUT_B[26]  ; CLOCK      ; 4.944 ; 4.944 ; Rise       ; CLOCK           ;
;  OUT_B[27]  ; CLOCK      ; 5.171 ; 5.171 ; Rise       ; CLOCK           ;
;  OUT_B[28]  ; CLOCK      ; 5.213 ; 5.213 ; Rise       ; CLOCK           ;
;  OUT_B[29]  ; CLOCK      ; 4.889 ; 4.889 ; Rise       ; CLOCK           ;
;  OUT_B[30]  ; CLOCK      ; 4.824 ; 4.824 ; Rise       ; CLOCK           ;
;  OUT_B[31]  ; CLOCK      ; 4.814 ; 4.814 ; Rise       ; CLOCK           ;
; OUT_MBR[*]  ; CLOCK      ; 3.889 ; 3.889 ; Rise       ; CLOCK           ;
;  OUT_MBR[0] ; CLOCK      ; 4.170 ; 4.170 ; Rise       ; CLOCK           ;
;  OUT_MBR[1] ; CLOCK      ; 4.079 ; 4.079 ; Rise       ; CLOCK           ;
;  OUT_MBR[2] ; CLOCK      ; 4.069 ; 4.069 ; Rise       ; CLOCK           ;
;  OUT_MBR[3] ; CLOCK      ; 4.025 ; 4.025 ; Rise       ; CLOCK           ;
;  OUT_MBR[4] ; CLOCK      ; 4.024 ; 4.024 ; Rise       ; CLOCK           ;
;  OUT_MBR[5] ; CLOCK      ; 3.996 ; 3.996 ; Rise       ; CLOCK           ;
;  OUT_MBR[6] ; CLOCK      ; 3.996 ; 3.996 ; Rise       ; CLOCK           ;
;  OUT_MBR[7] ; CLOCK      ; 3.889 ; 3.889 ; Rise       ; CLOCK           ;
+-------------+------------+-------+-------+------------+-----------------+


+----------------------------------------------------------+
; Propagation Delay                                        ;
+------------+-------------+-------+-------+-------+-------+
; Input Port ; Output Port ; RR    ; RF    ; FR    ; FF    ;
+------------+-------------+-------+-------+-------+-------+
; MIR[0]     ; OUT_B[8]    ; 5.474 ; 5.474 ; 5.474 ; 5.474 ;
; MIR[0]     ; OUT_B[9]    ; 6.002 ; 6.002 ; 6.002 ; 6.002 ;
; MIR[0]     ; OUT_B[10]   ; 6.231 ; 6.231 ; 6.231 ; 6.231 ;
; MIR[0]     ; OUT_B[11]   ; 6.255 ; 6.255 ; 6.255 ; 6.255 ;
; MIR[0]     ; OUT_B[12]   ; 6.197 ; 6.197 ; 6.197 ; 6.197 ;
; MIR[0]     ; OUT_B[13]   ; 5.846 ; 5.846 ; 5.846 ; 5.846 ;
; MIR[0]     ; OUT_B[14]   ; 6.252 ; 6.252 ; 6.252 ; 6.252 ;
; MIR[0]     ; OUT_B[15]   ; 6.103 ; 6.103 ; 6.103 ; 6.103 ;
; MIR[0]     ; OUT_B[16]   ; 5.842 ; 5.842 ; 5.842 ; 5.842 ;
; MIR[0]     ; OUT_B[17]   ; 6.269 ; 6.269 ; 6.269 ; 6.269 ;
; MIR[0]     ; OUT_B[18]   ; 6.123 ; 6.123 ; 6.123 ; 6.123 ;
; MIR[0]     ; OUT_B[19]   ; 5.931 ; 5.931 ; 5.931 ; 5.931 ;
; MIR[0]     ; OUT_B[20]   ; 5.995 ; 5.995 ; 5.995 ; 5.995 ;
; MIR[0]     ; OUT_B[21]   ; 5.454 ; 5.454 ; 5.454 ; 5.454 ;
; MIR[0]     ; OUT_B[22]   ; 5.474 ; 5.474 ; 5.474 ; 5.474 ;
; MIR[0]     ; OUT_B[23]   ; 6.123 ; 6.123 ; 6.123 ; 6.123 ;
; MIR[0]     ; OUT_B[24]   ; 5.842 ; 5.842 ; 5.842 ; 5.842 ;
; MIR[0]     ; OUT_B[25]   ; 6.243 ; 6.243 ; 6.243 ; 6.243 ;
; MIR[0]     ; OUT_B[26]   ; 5.986 ; 5.986 ; 5.986 ; 5.986 ;
; MIR[0]     ; OUT_B[27]   ; 6.213 ; 6.213 ; 6.213 ; 6.213 ;
; MIR[0]     ; OUT_B[28]   ; 6.255 ; 6.255 ; 6.255 ; 6.255 ;
; MIR[0]     ; OUT_B[29]   ; 5.931 ; 5.931 ; 5.931 ; 5.931 ;
; MIR[0]     ; OUT_B[30]   ; 5.866 ; 5.866 ; 5.866 ; 5.866 ;
; MIR[0]     ; OUT_B[31]   ; 5.856 ; 5.856 ; 5.856 ; 5.856 ;
; MIR[1]     ; OUT_B[0]    ; 5.217 ; 5.342 ; 5.342 ; 5.217 ;
; MIR[1]     ; OUT_B[1]    ; 5.219 ; 5.260 ; 5.260 ; 5.219 ;
; MIR[1]     ; OUT_B[2]    ; 5.914 ; 5.914 ; 5.914 ; 5.914 ;
; MIR[1]     ; OUT_B[3]    ; 5.217 ; 5.255 ; 5.255 ; 5.217 ;
; MIR[1]     ; OUT_B[4]    ; 5.217 ; 5.277 ; 5.277 ; 5.217 ;
; MIR[1]     ; OUT_B[5]    ; 5.195 ; 5.238 ; 5.238 ; 5.195 ;
; MIR[1]     ; OUT_B[6]    ; 5.215 ; 5.258 ; 5.258 ; 5.215 ;
; MIR[1]     ; OUT_B[7]    ; 5.209 ; 5.243 ; 5.243 ; 5.209 ;
; MIR[1]     ; OUT_B[8]    ; 5.593 ; 5.718 ; 5.718 ; 5.593 ;
; MIR[1]     ; OUT_B[9]    ; 5.832 ; 6.246 ; 6.246 ; 5.832 ;
; MIR[1]     ; OUT_B[10]   ; 6.077 ; 6.475 ; 6.475 ; 6.077 ;
; MIR[1]     ; OUT_B[11]   ; 6.153 ; 6.499 ; 6.499 ; 6.153 ;
; MIR[1]     ; OUT_B[12]   ; 6.151 ; 6.441 ; 6.441 ; 6.151 ;
; MIR[1]     ; OUT_B[13]   ; 5.949 ; 6.090 ; 6.090 ; 5.949 ;
; MIR[1]     ; OUT_B[14]   ; 6.049 ; 6.496 ; 6.496 ; 6.049 ;
; MIR[1]     ; OUT_B[15]   ; 5.884 ; 6.347 ; 6.347 ; 5.884 ;
; MIR[1]     ; OUT_B[16]   ; 5.945 ; 6.086 ; 6.086 ; 5.945 ;
; MIR[1]     ; OUT_B[17]   ; 6.042 ; 6.513 ; 6.513 ; 6.042 ;
; MIR[1]     ; OUT_B[18]   ; 5.904 ; 6.367 ; 6.367 ; 5.904 ;
; MIR[1]     ; OUT_B[19]   ; 5.823 ; 6.175 ; 6.175 ; 5.823 ;
; MIR[1]     ; OUT_B[20]   ; 5.839 ; 6.239 ; 6.239 ; 5.839 ;
; MIR[1]     ; OUT_B[21]   ; 5.573 ; 5.698 ; 5.698 ; 5.573 ;
; MIR[1]     ; OUT_B[22]   ; 5.593 ; 5.718 ; 5.718 ; 5.593 ;
; MIR[1]     ; OUT_B[23]   ; 5.904 ; 6.367 ; 6.367 ; 5.904 ;
; MIR[1]     ; OUT_B[24]   ; 5.945 ; 6.086 ; 6.086 ; 5.945 ;
; MIR[1]     ; OUT_B[25]   ; 6.015 ; 6.487 ; 6.487 ; 6.015 ;
; MIR[1]     ; OUT_B[26]   ; 6.186 ; 6.230 ; 6.230 ; 6.186 ;
; MIR[1]     ; OUT_B[27]   ; 6.113 ; 6.457 ; 6.457 ; 6.113 ;
; MIR[1]     ; OUT_B[28]   ; 6.153 ; 6.499 ; 6.499 ; 6.153 ;
; MIR[1]     ; OUT_B[29]   ; 5.823 ; 6.175 ; 6.175 ; 5.823 ;
; MIR[1]     ; OUT_B[30]   ; 6.075 ; 6.110 ; 6.110 ; 6.075 ;
; MIR[1]     ; OUT_B[31]   ; 6.065 ; 6.100 ; 6.100 ; 6.065 ;
; MIR[2]     ; OUT_B[0]    ; 5.247 ; 5.119 ; 5.119 ; 5.247 ;
; MIR[2]     ; OUT_B[1]    ; 5.165 ; 5.121 ; 5.121 ; 5.165 ;
; MIR[2]     ; OUT_B[2]    ; 5.816 ; 5.816 ; 5.816 ; 5.816 ;
; MIR[2]     ; OUT_B[3]    ; 5.119 ; 5.119 ; 5.119 ; 5.119 ;
; MIR[2]     ; OUT_B[4]    ; 5.182 ; 5.119 ; 5.119 ; 5.182 ;
; MIR[2]     ; OUT_B[5]    ; 5.097 ; 5.097 ; 5.097 ; 5.097 ;
; MIR[2]     ; OUT_B[6]    ; 5.163 ; 5.117 ; 5.117 ; 5.163 ;
; MIR[2]     ; OUT_B[7]    ; 5.148 ; 5.111 ; 5.111 ; 5.148 ;
; MIR[2]     ; OUT_B[8]    ; 5.620 ; 5.495 ; 5.495 ; 5.620 ;
; MIR[2]     ; OUT_B[9]    ; 6.148 ; 5.734 ; 5.734 ; 6.148 ;
; MIR[2]     ; OUT_B[10]   ; 6.377 ; 5.979 ; 5.979 ; 6.377 ;
; MIR[2]     ; OUT_B[11]   ; 6.401 ; 6.055 ; 6.055 ; 6.401 ;
; MIR[2]     ; OUT_B[12]   ; 6.343 ; 6.053 ; 6.053 ; 6.343 ;
; MIR[2]     ; OUT_B[13]   ; 5.992 ; 5.851 ; 5.851 ; 5.992 ;
; MIR[2]     ; OUT_B[14]   ; 6.398 ; 5.951 ; 5.951 ; 6.398 ;
; MIR[2]     ; OUT_B[15]   ; 6.249 ; 5.786 ; 5.786 ; 6.249 ;
; MIR[2]     ; OUT_B[16]   ; 5.988 ; 5.847 ; 5.847 ; 5.988 ;
; MIR[2]     ; OUT_B[17]   ; 6.415 ; 5.944 ; 5.944 ; 6.415 ;
; MIR[2]     ; OUT_B[18]   ; 6.269 ; 5.806 ; 5.806 ; 6.269 ;
; MIR[2]     ; OUT_B[19]   ; 6.077 ; 5.725 ; 5.725 ; 6.077 ;
; MIR[2]     ; OUT_B[20]   ; 6.141 ; 5.741 ; 5.741 ; 6.141 ;
; MIR[2]     ; OUT_B[21]   ; 5.600 ; 5.475 ; 5.475 ; 5.600 ;
; MIR[2]     ; OUT_B[22]   ; 5.620 ; 5.495 ; 5.495 ; 5.620 ;
; MIR[2]     ; OUT_B[23]   ; 6.269 ; 5.806 ; 5.806 ; 6.269 ;
; MIR[2]     ; OUT_B[24]   ; 5.988 ; 5.847 ; 5.847 ; 5.988 ;
; MIR[2]     ; OUT_B[25]   ; 6.389 ; 5.917 ; 5.917 ; 6.389 ;
; MIR[2]     ; OUT_B[26]   ; 6.132 ; 6.088 ; 6.088 ; 6.132 ;
; MIR[2]     ; OUT_B[27]   ; 6.359 ; 6.015 ; 6.015 ; 6.359 ;
; MIR[2]     ; OUT_B[28]   ; 6.401 ; 6.055 ; 6.055 ; 6.401 ;
; MIR[2]     ; OUT_B[29]   ; 6.077 ; 5.725 ; 5.725 ; 6.077 ;
; MIR[2]     ; OUT_B[30]   ; 6.012 ; 5.977 ; 5.977 ; 6.012 ;
; MIR[2]     ; OUT_B[31]   ; 6.002 ; 5.967 ; 5.967 ; 6.002 ;
; MIR[3]     ; OUT_B[0]    ; 5.274 ; 5.151 ; 5.151 ; 5.274 ;
; MIR[3]     ; OUT_B[1]    ; 5.193 ; 5.153 ; 5.153 ; 5.193 ;
; MIR[3]     ; OUT_B[2]    ; 5.848 ; 5.848 ; 5.848 ; 5.848 ;
; MIR[3]     ; OUT_B[3]    ; 5.273 ; 5.151 ; 5.151 ; 5.273 ;
; MIR[3]     ; OUT_B[4]    ; 5.206 ; 5.151 ; 5.151 ; 5.206 ;
; MIR[3]     ; OUT_B[5]    ; 5.245 ; 5.129 ; 5.129 ; 5.245 ;
; MIR[3]     ; OUT_B[6]    ; 5.180 ; 5.149 ; 5.149 ; 5.180 ;
; MIR[3]     ; OUT_B[7]    ; 5.178 ; 5.143 ; 5.143 ; 5.178 ;
; MIR[3]     ; OUT_B[8]    ; 5.652 ; 5.527 ; 5.527 ; 5.652 ;
; MIR[3]     ; OUT_B[9]    ; 6.180 ; 5.766 ; 5.766 ; 6.180 ;
; MIR[3]     ; OUT_B[10]   ; 6.409 ; 6.011 ; 6.011 ; 6.409 ;
; MIR[3]     ; OUT_B[11]   ; 6.433 ; 6.087 ; 6.087 ; 6.433 ;
; MIR[3]     ; OUT_B[12]   ; 6.375 ; 6.085 ; 6.085 ; 6.375 ;
; MIR[3]     ; OUT_B[13]   ; 6.024 ; 5.883 ; 5.883 ; 6.024 ;
; MIR[3]     ; OUT_B[14]   ; 6.430 ; 5.983 ; 5.983 ; 6.430 ;
; MIR[3]     ; OUT_B[15]   ; 6.281 ; 5.818 ; 5.818 ; 6.281 ;
; MIR[3]     ; OUT_B[16]   ; 6.020 ; 5.879 ; 5.879 ; 6.020 ;
; MIR[3]     ; OUT_B[17]   ; 6.447 ; 5.976 ; 5.976 ; 6.447 ;
; MIR[3]     ; OUT_B[18]   ; 6.301 ; 5.838 ; 5.838 ; 6.301 ;
; MIR[3]     ; OUT_B[19]   ; 6.109 ; 5.757 ; 5.757 ; 6.109 ;
; MIR[3]     ; OUT_B[20]   ; 6.173 ; 5.773 ; 5.773 ; 6.173 ;
; MIR[3]     ; OUT_B[21]   ; 5.632 ; 5.507 ; 5.507 ; 5.632 ;
; MIR[3]     ; OUT_B[22]   ; 5.652 ; 5.527 ; 5.527 ; 5.652 ;
; MIR[3]     ; OUT_B[23]   ; 6.301 ; 5.838 ; 5.838 ; 6.301 ;
; MIR[3]     ; OUT_B[24]   ; 6.020 ; 5.879 ; 5.879 ; 6.020 ;
; MIR[3]     ; OUT_B[25]   ; 6.421 ; 5.949 ; 5.949 ; 6.421 ;
; MIR[3]     ; OUT_B[26]   ; 6.164 ; 6.120 ; 6.120 ; 6.164 ;
; MIR[3]     ; OUT_B[27]   ; 6.391 ; 6.047 ; 6.047 ; 6.391 ;
; MIR[3]     ; OUT_B[28]   ; 6.433 ; 6.087 ; 6.087 ; 6.433 ;
; MIR[3]     ; OUT_B[29]   ; 6.109 ; 5.757 ; 5.757 ; 6.109 ;
; MIR[3]     ; OUT_B[30]   ; 6.044 ; 6.009 ; 6.009 ; 6.044 ;
; MIR[3]     ; OUT_B[31]   ; 6.034 ; 5.999 ; 5.999 ; 6.034 ;
+------------+-------------+-------+-------+-------+-------+


+----------------------------------------------------------+
; Minimum Propagation Delay                                ;
+------------+-------------+-------+-------+-------+-------+
; Input Port ; Output Port ; RR    ; RF    ; FR    ; FF    ;
+------------+-------------+-------+-------+-------+-------+
; MIR[0]     ; OUT_B[8]    ; 5.474 ; 5.474 ; 5.474 ; 5.474 ;
; MIR[0]     ; OUT_B[9]    ; 6.002 ; 6.002 ; 6.002 ; 6.002 ;
; MIR[0]     ; OUT_B[10]   ; 6.231 ; 6.231 ; 6.231 ; 6.231 ;
; MIR[0]     ; OUT_B[11]   ; 6.255 ; 6.255 ; 6.255 ; 6.255 ;
; MIR[0]     ; OUT_B[12]   ; 6.197 ; 6.197 ; 6.197 ; 6.197 ;
; MIR[0]     ; OUT_B[13]   ; 5.846 ; 5.846 ; 5.846 ; 5.846 ;
; MIR[0]     ; OUT_B[14]   ; 6.252 ; 6.252 ; 6.252 ; 6.252 ;
; MIR[0]     ; OUT_B[15]   ; 6.103 ; 6.103 ; 6.103 ; 6.103 ;
; MIR[0]     ; OUT_B[16]   ; 5.842 ; 5.842 ; 5.842 ; 5.842 ;
; MIR[0]     ; OUT_B[17]   ; 6.269 ; 6.269 ; 6.269 ; 6.269 ;
; MIR[0]     ; OUT_B[18]   ; 6.123 ; 6.123 ; 6.123 ; 6.123 ;
; MIR[0]     ; OUT_B[19]   ; 5.931 ; 5.931 ; 5.931 ; 5.931 ;
; MIR[0]     ; OUT_B[20]   ; 5.995 ; 5.995 ; 5.995 ; 5.995 ;
; MIR[0]     ; OUT_B[21]   ; 5.454 ; 5.454 ; 5.454 ; 5.454 ;
; MIR[0]     ; OUT_B[22]   ; 5.474 ; 5.474 ; 5.474 ; 5.474 ;
; MIR[0]     ; OUT_B[23]   ; 6.123 ; 6.123 ; 6.123 ; 6.123 ;
; MIR[0]     ; OUT_B[24]   ; 5.842 ; 5.842 ; 5.842 ; 5.842 ;
; MIR[0]     ; OUT_B[25]   ; 6.243 ; 6.243 ; 6.243 ; 6.243 ;
; MIR[0]     ; OUT_B[26]   ; 5.986 ; 5.986 ; 5.986 ; 5.986 ;
; MIR[0]     ; OUT_B[27]   ; 6.213 ; 6.213 ; 6.213 ; 6.213 ;
; MIR[0]     ; OUT_B[28]   ; 6.255 ; 6.255 ; 6.255 ; 6.255 ;
; MIR[0]     ; OUT_B[29]   ; 5.931 ; 5.931 ; 5.931 ; 5.931 ;
; MIR[0]     ; OUT_B[30]   ; 5.866 ; 5.866 ; 5.866 ; 5.866 ;
; MIR[0]     ; OUT_B[31]   ; 5.856 ; 5.856 ; 5.856 ; 5.856 ;
; MIR[1]     ; OUT_B[0]    ; 5.217 ; 5.217 ; 5.217 ; 5.217 ;
; MIR[1]     ; OUT_B[1]    ; 5.219 ; 5.219 ; 5.219 ; 5.219 ;
; MIR[1]     ; OUT_B[2]    ; 5.914 ; 5.544 ; 5.544 ; 5.914 ;
; MIR[1]     ; OUT_B[3]    ; 5.217 ; 5.217 ; 5.217 ; 5.217 ;
; MIR[1]     ; OUT_B[4]    ; 5.217 ; 5.217 ; 5.217 ; 5.217 ;
; MIR[1]     ; OUT_B[5]    ; 5.195 ; 5.195 ; 5.195 ; 5.195 ;
; MIR[1]     ; OUT_B[6]    ; 5.215 ; 5.215 ; 5.215 ; 5.215 ;
; MIR[1]     ; OUT_B[7]    ; 5.209 ; 5.209 ; 5.209 ; 5.209 ;
; MIR[1]     ; OUT_B[8]    ; 5.593 ; 5.593 ; 5.593 ; 5.593 ;
; MIR[1]     ; OUT_B[9]    ; 5.832 ; 5.832 ; 5.832 ; 5.832 ;
; MIR[1]     ; OUT_B[10]   ; 6.077 ; 6.077 ; 6.077 ; 6.077 ;
; MIR[1]     ; OUT_B[11]   ; 6.153 ; 6.153 ; 6.153 ; 6.153 ;
; MIR[1]     ; OUT_B[12]   ; 6.151 ; 6.151 ; 6.151 ; 6.151 ;
; MIR[1]     ; OUT_B[13]   ; 5.949 ; 5.949 ; 5.949 ; 5.949 ;
; MIR[1]     ; OUT_B[14]   ; 6.049 ; 6.049 ; 6.049 ; 6.049 ;
; MIR[1]     ; OUT_B[15]   ; 5.884 ; 5.884 ; 5.884 ; 5.884 ;
; MIR[1]     ; OUT_B[16]   ; 5.945 ; 5.945 ; 5.945 ; 5.945 ;
; MIR[1]     ; OUT_B[17]   ; 6.042 ; 6.042 ; 6.042 ; 6.042 ;
; MIR[1]     ; OUT_B[18]   ; 5.904 ; 5.904 ; 5.904 ; 5.904 ;
; MIR[1]     ; OUT_B[19]   ; 5.823 ; 5.823 ; 5.823 ; 5.823 ;
; MIR[1]     ; OUT_B[20]   ; 5.839 ; 5.839 ; 5.839 ; 5.839 ;
; MIR[1]     ; OUT_B[21]   ; 5.573 ; 5.573 ; 5.573 ; 5.573 ;
; MIR[1]     ; OUT_B[22]   ; 5.593 ; 5.593 ; 5.593 ; 5.593 ;
; MIR[1]     ; OUT_B[23]   ; 5.904 ; 5.904 ; 5.904 ; 5.904 ;
; MIR[1]     ; OUT_B[24]   ; 5.945 ; 5.945 ; 5.945 ; 5.945 ;
; MIR[1]     ; OUT_B[25]   ; 6.015 ; 6.015 ; 6.015 ; 6.015 ;
; MIR[1]     ; OUT_B[26]   ; 6.186 ; 6.186 ; 6.186 ; 6.186 ;
; MIR[1]     ; OUT_B[27]   ; 6.113 ; 6.113 ; 6.113 ; 6.113 ;
; MIR[1]     ; OUT_B[28]   ; 6.153 ; 6.153 ; 6.153 ; 6.153 ;
; MIR[1]     ; OUT_B[29]   ; 5.823 ; 5.823 ; 5.823 ; 5.823 ;
; MIR[1]     ; OUT_B[30]   ; 6.075 ; 6.075 ; 6.075 ; 6.075 ;
; MIR[1]     ; OUT_B[31]   ; 6.065 ; 6.065 ; 6.065 ; 6.065 ;
; MIR[2]     ; OUT_B[0]    ; 5.119 ; 5.119 ; 5.119 ; 5.119 ;
; MIR[2]     ; OUT_B[1]    ; 5.121 ; 5.121 ; 5.121 ; 5.121 ;
; MIR[2]     ; OUT_B[2]    ; 5.449 ; 5.816 ; 5.816 ; 5.449 ;
; MIR[2]     ; OUT_B[3]    ; 5.032 ; 5.119 ; 5.119 ; 5.032 ;
; MIR[2]     ; OUT_B[4]    ; 5.119 ; 5.119 ; 5.119 ; 5.119 ;
; MIR[2]     ; OUT_B[5]    ; 5.013 ; 5.097 ; 5.097 ; 5.013 ;
; MIR[2]     ; OUT_B[6]    ; 5.117 ; 5.117 ; 5.117 ; 5.117 ;
; MIR[2]     ; OUT_B[7]    ; 5.111 ; 5.111 ; 5.111 ; 5.111 ;
; MIR[2]     ; OUT_B[8]    ; 5.495 ; 5.495 ; 5.495 ; 5.495 ;
; MIR[2]     ; OUT_B[9]    ; 5.734 ; 5.734 ; 5.734 ; 5.734 ;
; MIR[2]     ; OUT_B[10]   ; 5.979 ; 5.979 ; 5.979 ; 5.979 ;
; MIR[2]     ; OUT_B[11]   ; 6.055 ; 6.055 ; 6.055 ; 6.055 ;
; MIR[2]     ; OUT_B[12]   ; 6.053 ; 6.053 ; 6.053 ; 6.053 ;
; MIR[2]     ; OUT_B[13]   ; 5.851 ; 5.851 ; 5.851 ; 5.851 ;
; MIR[2]     ; OUT_B[14]   ; 5.951 ; 5.951 ; 5.951 ; 5.951 ;
; MIR[2]     ; OUT_B[15]   ; 5.786 ; 5.786 ; 5.786 ; 5.786 ;
; MIR[2]     ; OUT_B[16]   ; 5.847 ; 5.847 ; 5.847 ; 5.847 ;
; MIR[2]     ; OUT_B[17]   ; 5.944 ; 5.944 ; 5.944 ; 5.944 ;
; MIR[2]     ; OUT_B[18]   ; 5.806 ; 5.806 ; 5.806 ; 5.806 ;
; MIR[2]     ; OUT_B[19]   ; 5.725 ; 5.725 ; 5.725 ; 5.725 ;
; MIR[2]     ; OUT_B[20]   ; 5.741 ; 5.741 ; 5.741 ; 5.741 ;
; MIR[2]     ; OUT_B[21]   ; 5.475 ; 5.475 ; 5.475 ; 5.475 ;
; MIR[2]     ; OUT_B[22]   ; 5.495 ; 5.495 ; 5.495 ; 5.495 ;
; MIR[2]     ; OUT_B[23]   ; 5.806 ; 5.806 ; 5.806 ; 5.806 ;
; MIR[2]     ; OUT_B[24]   ; 5.847 ; 5.847 ; 5.847 ; 5.847 ;
; MIR[2]     ; OUT_B[25]   ; 5.917 ; 5.917 ; 5.917 ; 5.917 ;
; MIR[2]     ; OUT_B[26]   ; 6.088 ; 6.088 ; 6.088 ; 6.088 ;
; MIR[2]     ; OUT_B[27]   ; 6.015 ; 6.015 ; 6.015 ; 6.015 ;
; MIR[2]     ; OUT_B[28]   ; 6.055 ; 6.055 ; 6.055 ; 6.055 ;
; MIR[2]     ; OUT_B[29]   ; 5.725 ; 5.725 ; 5.725 ; 5.725 ;
; MIR[2]     ; OUT_B[30]   ; 5.977 ; 5.977 ; 5.977 ; 5.977 ;
; MIR[2]     ; OUT_B[31]   ; 5.967 ; 5.967 ; 5.967 ; 5.967 ;
; MIR[3]     ; OUT_B[0]    ; 5.151 ; 5.151 ; 5.151 ; 5.151 ;
; MIR[3]     ; OUT_B[1]    ; 5.153 ; 5.153 ; 5.153 ; 5.153 ;
; MIR[3]     ; OUT_B[2]    ; 5.478 ; 5.848 ; 5.848 ; 5.478 ;
; MIR[3]     ; OUT_B[3]    ; 5.151 ; 5.151 ; 5.151 ; 5.151 ;
; MIR[3]     ; OUT_B[4]    ; 5.151 ; 5.151 ; 5.151 ; 5.151 ;
; MIR[3]     ; OUT_B[5]    ; 5.129 ; 5.129 ; 5.129 ; 5.129 ;
; MIR[3]     ; OUT_B[6]    ; 5.149 ; 5.149 ; 5.149 ; 5.149 ;
; MIR[3]     ; OUT_B[7]    ; 5.143 ; 5.143 ; 5.143 ; 5.143 ;
; MIR[3]     ; OUT_B[8]    ; 5.527 ; 5.527 ; 5.527 ; 5.527 ;
; MIR[3]     ; OUT_B[9]    ; 5.766 ; 5.766 ; 5.766 ; 5.766 ;
; MIR[3]     ; OUT_B[10]   ; 6.011 ; 6.011 ; 6.011 ; 6.011 ;
; MIR[3]     ; OUT_B[11]   ; 6.087 ; 6.087 ; 6.087 ; 6.087 ;
; MIR[3]     ; OUT_B[12]   ; 6.085 ; 6.085 ; 6.085 ; 6.085 ;
; MIR[3]     ; OUT_B[13]   ; 5.883 ; 5.883 ; 5.883 ; 5.883 ;
; MIR[3]     ; OUT_B[14]   ; 5.983 ; 5.983 ; 5.983 ; 5.983 ;
; MIR[3]     ; OUT_B[15]   ; 5.818 ; 5.818 ; 5.818 ; 5.818 ;
; MIR[3]     ; OUT_B[16]   ; 5.879 ; 5.879 ; 5.879 ; 5.879 ;
; MIR[3]     ; OUT_B[17]   ; 5.976 ; 5.976 ; 5.976 ; 5.976 ;
; MIR[3]     ; OUT_B[18]   ; 5.838 ; 5.838 ; 5.838 ; 5.838 ;
; MIR[3]     ; OUT_B[19]   ; 5.757 ; 5.757 ; 5.757 ; 5.757 ;
; MIR[3]     ; OUT_B[20]   ; 5.773 ; 5.773 ; 5.773 ; 5.773 ;
; MIR[3]     ; OUT_B[21]   ; 5.507 ; 5.507 ; 5.507 ; 5.507 ;
; MIR[3]     ; OUT_B[22]   ; 5.527 ; 5.527 ; 5.527 ; 5.527 ;
; MIR[3]     ; OUT_B[23]   ; 5.838 ; 5.838 ; 5.838 ; 5.838 ;
; MIR[3]     ; OUT_B[24]   ; 5.879 ; 5.879 ; 5.879 ; 5.879 ;
; MIR[3]     ; OUT_B[25]   ; 5.949 ; 5.949 ; 5.949 ; 5.949 ;
; MIR[3]     ; OUT_B[26]   ; 6.120 ; 6.120 ; 6.120 ; 6.120 ;
; MIR[3]     ; OUT_B[27]   ; 6.047 ; 6.047 ; 6.047 ; 6.047 ;
; MIR[3]     ; OUT_B[28]   ; 6.087 ; 6.087 ; 6.087 ; 6.087 ;
; MIR[3]     ; OUT_B[29]   ; 5.757 ; 5.757 ; 5.757 ; 5.757 ;
; MIR[3]     ; OUT_B[30]   ; 6.009 ; 6.009 ; 6.009 ; 6.009 ;
; MIR[3]     ; OUT_B[31]   ; 5.999 ; 5.999 ; 5.999 ; 5.999 ;
+------------+-------------+-------+-------+-------+-------+


+----------------------------------------------------------------------------+
; Multicorner Timing Analysis Summary                                        ;
+------------------+-------+------+----------+---------+---------------------+
; Clock            ; Setup ; Hold ; Recovery ; Removal ; Minimum Pulse Width ;
+------------------+-------+------+----------+---------+---------------------+
; Worst-case Slack ; N/A   ; N/A  ; N/A      ; N/A     ; -1.222              ;
;  CLOCK           ; N/A   ; N/A  ; N/A      ; N/A     ; -1.222              ;
; Design-wide TNS  ; 0.0   ; 0.0  ; 0.0      ; 0.0     ; -11.222             ;
;  CLOCK           ; N/A   ; N/A  ; N/A      ; N/A     ; -11.222             ;
+------------------+-------+------+----------+---------+---------------------+


+------------------------------------------------------------------------------+
; Setup Times                                                                  ;
+------------------+------------+-------+-------+------------+-----------------+
; Data Port        ; Clock Port ; Rise  ; Fall  ; Clock Edge ; Clock Reference ;
+------------------+------------+-------+-------+------------+-----------------+
; MIR[*]           ; CLOCK      ; 3.577 ; 3.577 ; Rise       ; CLOCK           ;
;  MIR[4]          ; CLOCK      ; 3.577 ; 3.577 ; Rise       ; CLOCK           ;
; PROGRAM_BYTE[*]  ; CLOCK      ; 2.287 ; 2.287 ; Rise       ; CLOCK           ;
;  PROGRAM_BYTE[0] ; CLOCK      ; 2.205 ; 2.205 ; Rise       ; CLOCK           ;
;  PROGRAM_BYTE[1] ; CLOCK      ; 2.083 ; 2.083 ; Rise       ; CLOCK           ;
;  PROGRAM_BYTE[2] ; CLOCK      ; 2.202 ; 2.202 ; Rise       ; CLOCK           ;
;  PROGRAM_BYTE[3] ; CLOCK      ; 1.806 ; 1.806 ; Rise       ; CLOCK           ;
;  PROGRAM_BYTE[4] ; CLOCK      ; 2.287 ; 2.287 ; Rise       ; CLOCK           ;
;  PROGRAM_BYTE[5] ; CLOCK      ; 2.210 ; 2.210 ; Rise       ; CLOCK           ;
;  PROGRAM_BYTE[6] ; CLOCK      ; 2.036 ; 2.036 ; Rise       ; CLOCK           ;
;  PROGRAM_BYTE[7] ; CLOCK      ; 2.002 ; 2.002 ; Rise       ; CLOCK           ;
+------------------+------------+-------+-------+------------+-----------------+


+--------------------------------------------------------------------------------+
; Hold Times                                                                     ;
+------------------+------------+--------+--------+------------+-----------------+
; Data Port        ; Clock Port ; Rise   ; Fall   ; Clock Edge ; Clock Reference ;
+------------------+------------+--------+--------+------------+-----------------+
; MIR[*]           ; CLOCK      ; -2.057 ; -2.057 ; Rise       ; CLOCK           ;
;  MIR[4]          ; CLOCK      ; -2.057 ; -2.057 ; Rise       ; CLOCK           ;
; PROGRAM_BYTE[*]  ; CLOCK      ; -1.084 ; -1.084 ; Rise       ; CLOCK           ;
;  PROGRAM_BYTE[0] ; CLOCK      ; -1.200 ; -1.200 ; Rise       ; CLOCK           ;
;  PROGRAM_BYTE[1] ; CLOCK      ; -1.175 ; -1.175 ; Rise       ; CLOCK           ;
;  PROGRAM_BYTE[2] ; CLOCK      ; -1.202 ; -1.202 ; Rise       ; CLOCK           ;
;  PROGRAM_BYTE[3] ; CLOCK      ; -1.084 ; -1.084 ; Rise       ; CLOCK           ;
;  PROGRAM_BYTE[4] ; CLOCK      ; -1.262 ; -1.262 ; Rise       ; CLOCK           ;
;  PROGRAM_BYTE[5] ; CLOCK      ; -1.204 ; -1.204 ; Rise       ; CLOCK           ;
;  PROGRAM_BYTE[6] ; CLOCK      ; -1.180 ; -1.180 ; Rise       ; CLOCK           ;
;  PROGRAM_BYTE[7] ; CLOCK      ; -1.156 ; -1.156 ; Rise       ; CLOCK           ;
+------------------+------------+--------+--------+------------+-----------------+


+---------------------------------------------------------------------------+
; Clock to Output Times                                                     ;
+-------------+------------+--------+--------+------------+-----------------+
; Data Port   ; Clock Port ; Rise   ; Fall   ; Clock Edge ; Clock Reference ;
+-------------+------------+--------+--------+------------+-----------------+
; OUT_B[*]    ; CLOCK      ; 10.413 ; 10.413 ; Rise       ; CLOCK           ;
;  OUT_B[0]   ; CLOCK      ; 8.439  ; 8.439  ; Rise       ; CLOCK           ;
;  OUT_B[1]   ; CLOCK      ; 8.038  ; 8.038  ; Rise       ; CLOCK           ;
;  OUT_B[2]   ; CLOCK      ; 8.816  ; 8.816  ; Rise       ; CLOCK           ;
;  OUT_B[3]   ; CLOCK      ; 7.994  ; 7.994  ; Rise       ; CLOCK           ;
;  OUT_B[4]   ; CLOCK      ; 7.893  ; 7.893  ; Rise       ; CLOCK           ;
;  OUT_B[5]   ; CLOCK      ; 7.961  ; 7.961  ; Rise       ; CLOCK           ;
;  OUT_B[6]   ; CLOCK      ; 7.841  ; 7.841  ; Rise       ; CLOCK           ;
;  OUT_B[7]   ; CLOCK      ; 8.025  ; 8.025  ; Rise       ; CLOCK           ;
;  OUT_B[8]   ; CLOCK      ; 8.602  ; 8.602  ; Rise       ; CLOCK           ;
;  OUT_B[9]   ; CLOCK      ; 9.647  ; 9.647  ; Rise       ; CLOCK           ;
;  OUT_B[10]  ; CLOCK      ; 10.073 ; 10.073 ; Rise       ; CLOCK           ;
;  OUT_B[11]  ; CLOCK      ; 10.268 ; 10.268 ; Rise       ; CLOCK           ;
;  OUT_B[12]  ; CLOCK      ; 10.040 ; 10.040 ; Rise       ; CLOCK           ;
;  OUT_B[13]  ; CLOCK      ; 9.338  ; 9.338  ; Rise       ; CLOCK           ;
;  OUT_B[14]  ; CLOCK      ; 10.271 ; 10.271 ; Rise       ; CLOCK           ;
;  OUT_B[15]  ; CLOCK      ; 10.096 ; 10.096 ; Rise       ; CLOCK           ;
;  OUT_B[16]  ; CLOCK      ; 9.332  ; 9.332  ; Rise       ; CLOCK           ;
;  OUT_B[17]  ; CLOCK      ; 10.413 ; 10.413 ; Rise       ; CLOCK           ;
;  OUT_B[18]  ; CLOCK      ; 10.116 ; 10.116 ; Rise       ; CLOCK           ;
;  OUT_B[19]  ; CLOCK      ; 9.547  ; 9.547  ; Rise       ; CLOCK           ;
;  OUT_B[20]  ; CLOCK      ; 9.639  ; 9.639  ; Rise       ; CLOCK           ;
;  OUT_B[21]  ; CLOCK      ; 8.582  ; 8.582  ; Rise       ; CLOCK           ;
;  OUT_B[22]  ; CLOCK      ; 8.602  ; 8.602  ; Rise       ; CLOCK           ;
;  OUT_B[23]  ; CLOCK      ; 10.116 ; 10.116 ; Rise       ; CLOCK           ;
;  OUT_B[24]  ; CLOCK      ; 9.332  ; 9.332  ; Rise       ; CLOCK           ;
;  OUT_B[25]  ; CLOCK      ; 10.398 ; 10.398 ; Rise       ; CLOCK           ;
;  OUT_B[26]  ; CLOCK      ; 9.540  ; 9.540  ; Rise       ; CLOCK           ;
;  OUT_B[27]  ; CLOCK      ; 10.223 ; 10.223 ; Rise       ; CLOCK           ;
;  OUT_B[28]  ; CLOCK      ; 10.268 ; 10.268 ; Rise       ; CLOCK           ;
;  OUT_B[29]  ; CLOCK      ; 9.547  ; 9.547  ; Rise       ; CLOCK           ;
;  OUT_B[30]  ; CLOCK      ; 9.361  ; 9.361  ; Rise       ; CLOCK           ;
;  OUT_B[31]  ; CLOCK      ; 9.350  ; 9.350  ; Rise       ; CLOCK           ;
; OUT_MBR[*]  ; CLOCK      ; 7.665  ; 7.665  ; Rise       ; CLOCK           ;
;  OUT_MBR[0] ; CLOCK      ; 7.665  ; 7.665  ; Rise       ; CLOCK           ;
;  OUT_MBR[1] ; CLOCK      ; 7.450  ; 7.450  ; Rise       ; CLOCK           ;
;  OUT_MBR[2] ; CLOCK      ; 7.441  ; 7.441  ; Rise       ; CLOCK           ;
;  OUT_MBR[3] ; CLOCK      ; 7.457  ; 7.457  ; Rise       ; CLOCK           ;
;  OUT_MBR[4] ; CLOCK      ; 7.452  ; 7.452  ; Rise       ; CLOCK           ;
;  OUT_MBR[5] ; CLOCK      ; 7.297  ; 7.297  ; Rise       ; CLOCK           ;
;  OUT_MBR[6] ; CLOCK      ; 7.298  ; 7.298  ; Rise       ; CLOCK           ;
;  OUT_MBR[7] ; CLOCK      ; 7.162  ; 7.162  ; Rise       ; CLOCK           ;
+-------------+------------+--------+--------+------------+-----------------+


+-------------------------------------------------------------------------+
; Minimum Clock to Output Times                                           ;
+-------------+------------+-------+-------+------------+-----------------+
; Data Port   ; Clock Port ; Rise  ; Fall  ; Clock Edge ; Clock Reference ;
+-------------+------------+-------+-------+------------+-----------------+
; OUT_B[*]    ; CLOCK      ; 4.205 ; 4.205 ; Rise       ; CLOCK           ;
;  OUT_B[0]   ; CLOCK      ; 4.478 ; 4.478 ; Rise       ; CLOCK           ;
;  OUT_B[1]   ; CLOCK      ; 4.296 ; 4.296 ; Rise       ; CLOCK           ;
;  OUT_B[2]   ; CLOCK      ; 4.681 ; 4.681 ; Rise       ; CLOCK           ;
;  OUT_B[3]   ; CLOCK      ; 4.246 ; 4.246 ; Rise       ; CLOCK           ;
;  OUT_B[4]   ; CLOCK      ; 4.226 ; 4.226 ; Rise       ; CLOCK           ;
;  OUT_B[5]   ; CLOCK      ; 4.221 ; 4.221 ; Rise       ; CLOCK           ;
;  OUT_B[6]   ; CLOCK      ; 4.205 ; 4.205 ; Rise       ; CLOCK           ;
;  OUT_B[7]   ; CLOCK      ; 4.282 ; 4.282 ; Rise       ; CLOCK           ;
;  OUT_B[8]   ; CLOCK      ; 4.432 ; 4.432 ; Rise       ; CLOCK           ;
;  OUT_B[9]   ; CLOCK      ; 4.960 ; 4.960 ; Rise       ; CLOCK           ;
;  OUT_B[10]  ; CLOCK      ; 5.189 ; 5.189 ; Rise       ; CLOCK           ;
;  OUT_B[11]  ; CLOCK      ; 5.213 ; 5.213 ; Rise       ; CLOCK           ;
;  OUT_B[12]  ; CLOCK      ; 5.155 ; 5.155 ; Rise       ; CLOCK           ;
;  OUT_B[13]  ; CLOCK      ; 4.804 ; 4.804 ; Rise       ; CLOCK           ;
;  OUT_B[14]  ; CLOCK      ; 5.210 ; 5.210 ; Rise       ; CLOCK           ;
;  OUT_B[15]  ; CLOCK      ; 5.061 ; 5.061 ; Rise       ; CLOCK           ;
;  OUT_B[16]  ; CLOCK      ; 4.800 ; 4.800 ; Rise       ; CLOCK           ;
;  OUT_B[17]  ; CLOCK      ; 5.227 ; 5.227 ; Rise       ; CLOCK           ;
;  OUT_B[18]  ; CLOCK      ; 5.081 ; 5.081 ; Rise       ; CLOCK           ;
;  OUT_B[19]  ; CLOCK      ; 4.889 ; 4.889 ; Rise       ; CLOCK           ;
;  OUT_B[20]  ; CLOCK      ; 4.953 ; 4.953 ; Rise       ; CLOCK           ;
;  OUT_B[21]  ; CLOCK      ; 4.412 ; 4.412 ; Rise       ; CLOCK           ;
;  OUT_B[22]  ; CLOCK      ; 4.432 ; 4.432 ; Rise       ; CLOCK           ;
;  OUT_B[23]  ; CLOCK      ; 5.081 ; 5.081 ; Rise       ; CLOCK           ;
;  OUT_B[24]  ; CLOCK      ; 4.800 ; 4.800 ; Rise       ; CLOCK           ;
;  OUT_B[25]  ; CLOCK      ; 5.201 ; 5.201 ; Rise       ; CLOCK           ;
;  OUT_B[26]  ; CLOCK      ; 4.944 ; 4.944 ; Rise       ; CLOCK           ;
;  OUT_B[27]  ; CLOCK      ; 5.171 ; 5.171 ; Rise       ; CLOCK           ;
;  OUT_B[28]  ; CLOCK      ; 5.213 ; 5.213 ; Rise       ; CLOCK           ;
;  OUT_B[29]  ; CLOCK      ; 4.889 ; 4.889 ; Rise       ; CLOCK           ;
;  OUT_B[30]  ; CLOCK      ; 4.824 ; 4.824 ; Rise       ; CLOCK           ;
;  OUT_B[31]  ; CLOCK      ; 4.814 ; 4.814 ; Rise       ; CLOCK           ;
; OUT_MBR[*]  ; CLOCK      ; 3.889 ; 3.889 ; Rise       ; CLOCK           ;
;  OUT_MBR[0] ; CLOCK      ; 4.170 ; 4.170 ; Rise       ; CLOCK           ;
;  OUT_MBR[1] ; CLOCK      ; 4.079 ; 4.079 ; Rise       ; CLOCK           ;
;  OUT_MBR[2] ; CLOCK      ; 4.069 ; 4.069 ; Rise       ; CLOCK           ;
;  OUT_MBR[3] ; CLOCK      ; 4.025 ; 4.025 ; Rise       ; CLOCK           ;
;  OUT_MBR[4] ; CLOCK      ; 4.024 ; 4.024 ; Rise       ; CLOCK           ;
;  OUT_MBR[5] ; CLOCK      ; 3.996 ; 3.996 ; Rise       ; CLOCK           ;
;  OUT_MBR[6] ; CLOCK      ; 3.996 ; 3.996 ; Rise       ; CLOCK           ;
;  OUT_MBR[7] ; CLOCK      ; 3.889 ; 3.889 ; Rise       ; CLOCK           ;
+-------------+------------+-------+-------+------------+-----------------+


+--------------------------------------------------------------+
; Progagation Delay                                            ;
+------------+-------------+--------+--------+--------+--------+
; Input Port ; Output Port ; RR     ; RF     ; FR     ; FF     ;
+------------+-------------+--------+--------+--------+--------+
; MIR[0]     ; OUT_B[8]    ; 9.846  ; 9.846  ; 9.846  ; 9.846  ;
; MIR[0]     ; OUT_B[9]    ; 10.891 ; 10.891 ; 10.891 ; 10.891 ;
; MIR[0]     ; OUT_B[10]   ; 11.317 ; 11.317 ; 11.317 ; 11.317 ;
; MIR[0]     ; OUT_B[11]   ; 11.512 ; 11.512 ; 11.512 ; 11.512 ;
; MIR[0]     ; OUT_B[12]   ; 11.284 ; 11.284 ; 11.284 ; 11.284 ;
; MIR[0]     ; OUT_B[13]   ; 10.582 ; 10.582 ; 10.582 ; 10.582 ;
; MIR[0]     ; OUT_B[14]   ; 11.515 ; 11.515 ; 11.515 ; 11.515 ;
; MIR[0]     ; OUT_B[15]   ; 11.340 ; 11.340 ; 11.340 ; 11.340 ;
; MIR[0]     ; OUT_B[16]   ; 10.576 ; 10.576 ; 10.576 ; 10.576 ;
; MIR[0]     ; OUT_B[17]   ; 11.657 ; 11.657 ; 11.657 ; 11.657 ;
; MIR[0]     ; OUT_B[18]   ; 11.360 ; 11.360 ; 11.360 ; 11.360 ;
; MIR[0]     ; OUT_B[19]   ; 10.791 ; 10.791 ; 10.791 ; 10.791 ;
; MIR[0]     ; OUT_B[20]   ; 10.883 ; 10.883 ; 10.883 ; 10.883 ;
; MIR[0]     ; OUT_B[21]   ; 9.826  ; 9.826  ; 9.826  ; 9.826  ;
; MIR[0]     ; OUT_B[22]   ; 9.846  ; 9.846  ; 9.846  ; 9.846  ;
; MIR[0]     ; OUT_B[23]   ; 11.360 ; 11.360 ; 11.360 ; 11.360 ;
; MIR[0]     ; OUT_B[24]   ; 10.576 ; 10.576 ; 10.576 ; 10.576 ;
; MIR[0]     ; OUT_B[25]   ; 11.642 ; 11.642 ; 11.642 ; 11.642 ;
; MIR[0]     ; OUT_B[26]   ; 10.784 ; 10.784 ; 10.784 ; 10.784 ;
; MIR[0]     ; OUT_B[27]   ; 11.467 ; 11.467 ; 11.467 ; 11.467 ;
; MIR[0]     ; OUT_B[28]   ; 11.512 ; 11.512 ; 11.512 ; 11.512 ;
; MIR[0]     ; OUT_B[29]   ; 10.791 ; 10.791 ; 10.791 ; 10.791 ;
; MIR[0]     ; OUT_B[30]   ; 10.605 ; 10.605 ; 10.605 ; 10.605 ;
; MIR[0]     ; OUT_B[31]   ; 10.594 ; 10.594 ; 10.594 ; 10.594 ;
; MIR[1]     ; OUT_B[0]    ; 9.475  ; 9.700  ; 9.700  ; 9.475  ;
; MIR[1]     ; OUT_B[1]    ; 9.476  ; 9.523  ; 9.523  ; 9.476  ;
; MIR[1]     ; OUT_B[2]    ; 10.979 ; 10.979 ; 10.979 ; 10.979 ;
; MIR[1]     ; OUT_B[3]    ; 9.475  ; 9.525  ; 9.525  ; 9.475  ;
; MIR[1]     ; OUT_B[4]    ; 9.475  ; 9.566  ; 9.566  ; 9.475  ;
; MIR[1]     ; OUT_B[5]    ; 9.450  ; 9.497  ; 9.497  ; 9.450  ;
; MIR[1]     ; OUT_B[6]    ; 9.470  ; 9.517  ; 9.517  ; 9.470  ;
; MIR[1]     ; OUT_B[7]    ; 9.466  ; 9.501  ; 9.501  ; 9.466  ;
; MIR[1]     ; OUT_B[8]    ; 10.190 ; 10.485 ; 10.485 ; 10.190 ;
; MIR[1]     ; OUT_B[9]    ; 10.690 ; 11.530 ; 11.530 ; 10.690 ;
; MIR[1]     ; OUT_B[10]   ; 11.143 ; 11.956 ; 11.956 ; 11.143 ;
; MIR[1]     ; OUT_B[11]   ; 11.354 ; 12.151 ; 12.151 ; 11.354 ;
; MIR[1]     ; OUT_B[12]   ; 11.348 ; 11.923 ; 11.923 ; 11.348 ;
; MIR[1]     ; OUT_B[13]   ; 10.949 ; 11.221 ; 11.221 ; 10.949 ;
; MIR[1]     ; OUT_B[14]   ; 11.124 ; 12.154 ; 12.154 ; 11.124 ;
; MIR[1]     ; OUT_B[15]   ; 10.949 ; 11.979 ; 11.979 ; 10.949 ;
; MIR[1]     ; OUT_B[16]   ; 10.945 ; 11.215 ; 11.215 ; 10.945 ;
; MIR[1]     ; OUT_B[17]   ; 11.259 ; 12.296 ; 12.296 ; 11.259 ;
; MIR[1]     ; OUT_B[18]   ; 10.969 ; 11.999 ; 11.999 ; 10.969 ;
; MIR[1]     ; OUT_B[19]   ; 10.622 ; 11.430 ; 11.430 ; 10.622 ;
; MIR[1]     ; OUT_B[20]   ; 10.700 ; 11.522 ; 11.522 ; 10.700 ;
; MIR[1]     ; OUT_B[21]   ; 10.170 ; 10.465 ; 10.465 ; 10.170 ;
; MIR[1]     ; OUT_B[22]   ; 10.190 ; 10.485 ; 10.485 ; 10.190 ;
; MIR[1]     ; OUT_B[23]   ; 10.969 ; 11.999 ; 11.999 ; 10.969 ;
; MIR[1]     ; OUT_B[24]   ; 10.945 ; 11.215 ; 11.215 ; 10.945 ;
; MIR[1]     ; OUT_B[25]   ; 11.233 ; 12.281 ; 12.281 ; 11.233 ;
; MIR[1]     ; OUT_B[26]   ; 11.383 ; 11.423 ; 11.423 ; 11.383 ;
; MIR[1]     ; OUT_B[27]   ; 11.314 ; 12.106 ; 12.106 ; 11.314 ;
; MIR[1]     ; OUT_B[28]   ; 11.354 ; 12.151 ; 12.151 ; 11.354 ;
; MIR[1]     ; OUT_B[29]   ; 10.622 ; 11.430 ; 11.430 ; 10.622 ;
; MIR[1]     ; OUT_B[30]   ; 11.203 ; 11.244 ; 11.244 ; 11.203 ;
; MIR[1]     ; OUT_B[31]   ; 11.193 ; 11.233 ; 11.233 ; 11.193 ;
; MIR[2]     ; OUT_B[0]    ; 9.423  ; 9.163  ; 9.163  ; 9.423  ;
; MIR[2]     ; OUT_B[1]    ; 9.247  ; 9.164  ; 9.164  ; 9.247  ;
; MIR[2]     ; OUT_B[2]    ; 10.667 ; 10.667 ; 10.667 ; 10.667 ;
; MIR[2]     ; OUT_B[3]    ; 9.163  ; 9.163  ; 9.163  ; 9.163  ;
; MIR[2]     ; OUT_B[4]    ; 9.290  ; 9.163  ; 9.163  ; 9.290  ;
; MIR[2]     ; OUT_B[5]    ; 9.138  ; 9.138  ; 9.138  ; 9.138  ;
; MIR[2]     ; OUT_B[6]    ; 9.240  ; 9.158  ; 9.158  ; 9.240  ;
; MIR[2]     ; OUT_B[7]    ; 9.224  ; 9.154  ; 9.154  ; 9.224  ;
; MIR[2]     ; OUT_B[8]    ; 10.173 ; 9.878  ; 9.878  ; 10.173 ;
; MIR[2]     ; OUT_B[9]    ; 11.218 ; 10.378 ; 10.378 ; 11.218 ;
; MIR[2]     ; OUT_B[10]   ; 11.644 ; 10.831 ; 10.831 ; 11.644 ;
; MIR[2]     ; OUT_B[11]   ; 11.839 ; 11.042 ; 11.042 ; 11.839 ;
; MIR[2]     ; OUT_B[12]   ; 11.611 ; 11.036 ; 11.036 ; 11.611 ;
; MIR[2]     ; OUT_B[13]   ; 10.909 ; 10.637 ; 10.637 ; 10.909 ;
; MIR[2]     ; OUT_B[14]   ; 11.842 ; 10.812 ; 10.812 ; 11.842 ;
; MIR[2]     ; OUT_B[15]   ; 11.667 ; 10.637 ; 10.637 ; 11.667 ;
; MIR[2]     ; OUT_B[16]   ; 10.903 ; 10.633 ; 10.633 ; 10.903 ;
; MIR[2]     ; OUT_B[17]   ; 11.984 ; 10.947 ; 10.947 ; 11.984 ;
; MIR[2]     ; OUT_B[18]   ; 11.687 ; 10.657 ; 10.657 ; 11.687 ;
; MIR[2]     ; OUT_B[19]   ; 11.118 ; 10.310 ; 10.310 ; 11.118 ;
; MIR[2]     ; OUT_B[20]   ; 11.210 ; 10.388 ; 10.388 ; 11.210 ;
; MIR[2]     ; OUT_B[21]   ; 10.153 ; 9.858  ; 9.858  ; 10.153 ;
; MIR[2]     ; OUT_B[22]   ; 10.173 ; 9.878  ; 9.878  ; 10.173 ;
; MIR[2]     ; OUT_B[23]   ; 11.687 ; 10.657 ; 10.657 ; 11.687 ;
; MIR[2]     ; OUT_B[24]   ; 10.903 ; 10.633 ; 10.633 ; 10.903 ;
; MIR[2]     ; OUT_B[25]   ; 11.969 ; 10.921 ; 10.921 ; 11.969 ;
; MIR[2]     ; OUT_B[26]   ; 11.111 ; 11.071 ; 11.071 ; 11.111 ;
; MIR[2]     ; OUT_B[27]   ; 11.794 ; 11.002 ; 11.002 ; 11.794 ;
; MIR[2]     ; OUT_B[28]   ; 11.839 ; 11.042 ; 11.042 ; 11.839 ;
; MIR[2]     ; OUT_B[29]   ; 11.118 ; 10.310 ; 10.310 ; 11.118 ;
; MIR[2]     ; OUT_B[30]   ; 10.932 ; 10.891 ; 10.891 ; 10.932 ;
; MIR[2]     ; OUT_B[31]   ; 10.921 ; 10.881 ; 10.881 ; 10.921 ;
; MIR[3]     ; OUT_B[0]    ; 9.470  ; 9.284  ; 9.284  ; 9.470  ;
; MIR[3]     ; OUT_B[1]    ; 9.293  ; 9.285  ; 9.285  ; 9.293  ;
; MIR[3]     ; OUT_B[2]    ; 10.788 ; 10.788 ; 10.788 ; 10.788 ;
; MIR[3]     ; OUT_B[3]    ; 9.503  ; 9.284  ; 9.284  ; 9.503  ;
; MIR[3]     ; OUT_B[4]    ; 9.333  ; 9.284  ; 9.284  ; 9.333  ;
; MIR[3]     ; OUT_B[5]    ; 9.465  ; 9.259  ; 9.259  ; 9.465  ;
; MIR[3]     ; OUT_B[6]    ; 9.279  ; 9.279  ; 9.279  ; 9.279  ;
; MIR[3]     ; OUT_B[7]    ; 9.275  ; 9.275  ; 9.275  ; 9.275  ;
; MIR[3]     ; OUT_B[8]    ; 10.294 ; 9.999  ; 9.999  ; 10.294 ;
; MIR[3]     ; OUT_B[9]    ; 11.339 ; 10.499 ; 10.499 ; 11.339 ;
; MIR[3]     ; OUT_B[10]   ; 11.765 ; 10.952 ; 10.952 ; 11.765 ;
; MIR[3]     ; OUT_B[11]   ; 11.960 ; 11.163 ; 11.163 ; 11.960 ;
; MIR[3]     ; OUT_B[12]   ; 11.732 ; 11.157 ; 11.157 ; 11.732 ;
; MIR[3]     ; OUT_B[13]   ; 11.030 ; 10.758 ; 10.758 ; 11.030 ;
; MIR[3]     ; OUT_B[14]   ; 11.963 ; 10.933 ; 10.933 ; 11.963 ;
; MIR[3]     ; OUT_B[15]   ; 11.788 ; 10.758 ; 10.758 ; 11.788 ;
; MIR[3]     ; OUT_B[16]   ; 11.024 ; 10.754 ; 10.754 ; 11.024 ;
; MIR[3]     ; OUT_B[17]   ; 12.105 ; 11.068 ; 11.068 ; 12.105 ;
; MIR[3]     ; OUT_B[18]   ; 11.808 ; 10.778 ; 10.778 ; 11.808 ;
; MIR[3]     ; OUT_B[19]   ; 11.239 ; 10.431 ; 10.431 ; 11.239 ;
; MIR[3]     ; OUT_B[20]   ; 11.331 ; 10.509 ; 10.509 ; 11.331 ;
; MIR[3]     ; OUT_B[21]   ; 10.274 ; 9.979  ; 9.979  ; 10.274 ;
; MIR[3]     ; OUT_B[22]   ; 10.294 ; 9.999  ; 9.999  ; 10.294 ;
; MIR[3]     ; OUT_B[23]   ; 11.808 ; 10.778 ; 10.778 ; 11.808 ;
; MIR[3]     ; OUT_B[24]   ; 11.024 ; 10.754 ; 10.754 ; 11.024 ;
; MIR[3]     ; OUT_B[25]   ; 12.090 ; 11.042 ; 11.042 ; 12.090 ;
; MIR[3]     ; OUT_B[26]   ; 11.232 ; 11.192 ; 11.192 ; 11.232 ;
; MIR[3]     ; OUT_B[27]   ; 11.915 ; 11.123 ; 11.123 ; 11.915 ;
; MIR[3]     ; OUT_B[28]   ; 11.960 ; 11.163 ; 11.163 ; 11.960 ;
; MIR[3]     ; OUT_B[29]   ; 11.239 ; 10.431 ; 10.431 ; 11.239 ;
; MIR[3]     ; OUT_B[30]   ; 11.053 ; 11.012 ; 11.012 ; 11.053 ;
; MIR[3]     ; OUT_B[31]   ; 11.042 ; 11.002 ; 11.002 ; 11.042 ;
+------------+-------------+--------+--------+--------+--------+


+----------------------------------------------------------+
; Minimum Progagation Delay                                ;
+------------+-------------+-------+-------+-------+-------+
; Input Port ; Output Port ; RR    ; RF    ; FR    ; FF    ;
+------------+-------------+-------+-------+-------+-------+
; MIR[0]     ; OUT_B[8]    ; 5.474 ; 5.474 ; 5.474 ; 5.474 ;
; MIR[0]     ; OUT_B[9]    ; 6.002 ; 6.002 ; 6.002 ; 6.002 ;
; MIR[0]     ; OUT_B[10]   ; 6.231 ; 6.231 ; 6.231 ; 6.231 ;
; MIR[0]     ; OUT_B[11]   ; 6.255 ; 6.255 ; 6.255 ; 6.255 ;
; MIR[0]     ; OUT_B[12]   ; 6.197 ; 6.197 ; 6.197 ; 6.197 ;
; MIR[0]     ; OUT_B[13]   ; 5.846 ; 5.846 ; 5.846 ; 5.846 ;
; MIR[0]     ; OUT_B[14]   ; 6.252 ; 6.252 ; 6.252 ; 6.252 ;
; MIR[0]     ; OUT_B[15]   ; 6.103 ; 6.103 ; 6.103 ; 6.103 ;
; MIR[0]     ; OUT_B[16]   ; 5.842 ; 5.842 ; 5.842 ; 5.842 ;
; MIR[0]     ; OUT_B[17]   ; 6.269 ; 6.269 ; 6.269 ; 6.269 ;
; MIR[0]     ; OUT_B[18]   ; 6.123 ; 6.123 ; 6.123 ; 6.123 ;
; MIR[0]     ; OUT_B[19]   ; 5.931 ; 5.931 ; 5.931 ; 5.931 ;
; MIR[0]     ; OUT_B[20]   ; 5.995 ; 5.995 ; 5.995 ; 5.995 ;
; MIR[0]     ; OUT_B[21]   ; 5.454 ; 5.454 ; 5.454 ; 5.454 ;
; MIR[0]     ; OUT_B[22]   ; 5.474 ; 5.474 ; 5.474 ; 5.474 ;
; MIR[0]     ; OUT_B[23]   ; 6.123 ; 6.123 ; 6.123 ; 6.123 ;
; MIR[0]     ; OUT_B[24]   ; 5.842 ; 5.842 ; 5.842 ; 5.842 ;
; MIR[0]     ; OUT_B[25]   ; 6.243 ; 6.243 ; 6.243 ; 6.243 ;
; MIR[0]     ; OUT_B[26]   ; 5.986 ; 5.986 ; 5.986 ; 5.986 ;
; MIR[0]     ; OUT_B[27]   ; 6.213 ; 6.213 ; 6.213 ; 6.213 ;
; MIR[0]     ; OUT_B[28]   ; 6.255 ; 6.255 ; 6.255 ; 6.255 ;
; MIR[0]     ; OUT_B[29]   ; 5.931 ; 5.931 ; 5.931 ; 5.931 ;
; MIR[0]     ; OUT_B[30]   ; 5.866 ; 5.866 ; 5.866 ; 5.866 ;
; MIR[0]     ; OUT_B[31]   ; 5.856 ; 5.856 ; 5.856 ; 5.856 ;
; MIR[1]     ; OUT_B[0]    ; 5.217 ; 5.217 ; 5.217 ; 5.217 ;
; MIR[1]     ; OUT_B[1]    ; 5.219 ; 5.219 ; 5.219 ; 5.219 ;
; MIR[1]     ; OUT_B[2]    ; 5.914 ; 5.544 ; 5.544 ; 5.914 ;
; MIR[1]     ; OUT_B[3]    ; 5.217 ; 5.217 ; 5.217 ; 5.217 ;
; MIR[1]     ; OUT_B[4]    ; 5.217 ; 5.217 ; 5.217 ; 5.217 ;
; MIR[1]     ; OUT_B[5]    ; 5.195 ; 5.195 ; 5.195 ; 5.195 ;
; MIR[1]     ; OUT_B[6]    ; 5.215 ; 5.215 ; 5.215 ; 5.215 ;
; MIR[1]     ; OUT_B[7]    ; 5.209 ; 5.209 ; 5.209 ; 5.209 ;
; MIR[1]     ; OUT_B[8]    ; 5.593 ; 5.593 ; 5.593 ; 5.593 ;
; MIR[1]     ; OUT_B[9]    ; 5.832 ; 5.832 ; 5.832 ; 5.832 ;
; MIR[1]     ; OUT_B[10]   ; 6.077 ; 6.077 ; 6.077 ; 6.077 ;
; MIR[1]     ; OUT_B[11]   ; 6.153 ; 6.153 ; 6.153 ; 6.153 ;
; MIR[1]     ; OUT_B[12]   ; 6.151 ; 6.151 ; 6.151 ; 6.151 ;
; MIR[1]     ; OUT_B[13]   ; 5.949 ; 5.949 ; 5.949 ; 5.949 ;
; MIR[1]     ; OUT_B[14]   ; 6.049 ; 6.049 ; 6.049 ; 6.049 ;
; MIR[1]     ; OUT_B[15]   ; 5.884 ; 5.884 ; 5.884 ; 5.884 ;
; MIR[1]     ; OUT_B[16]   ; 5.945 ; 5.945 ; 5.945 ; 5.945 ;
; MIR[1]     ; OUT_B[17]   ; 6.042 ; 6.042 ; 6.042 ; 6.042 ;
; MIR[1]     ; OUT_B[18]   ; 5.904 ; 5.904 ; 5.904 ; 5.904 ;
; MIR[1]     ; OUT_B[19]   ; 5.823 ; 5.823 ; 5.823 ; 5.823 ;
; MIR[1]     ; OUT_B[20]   ; 5.839 ; 5.839 ; 5.839 ; 5.839 ;
; MIR[1]     ; OUT_B[21]   ; 5.573 ; 5.573 ; 5.573 ; 5.573 ;
; MIR[1]     ; OUT_B[22]   ; 5.593 ; 5.593 ; 5.593 ; 5.593 ;
; MIR[1]     ; OUT_B[23]   ; 5.904 ; 5.904 ; 5.904 ; 5.904 ;
; MIR[1]     ; OUT_B[24]   ; 5.945 ; 5.945 ; 5.945 ; 5.945 ;
; MIR[1]     ; OUT_B[25]   ; 6.015 ; 6.015 ; 6.015 ; 6.015 ;
; MIR[1]     ; OUT_B[26]   ; 6.186 ; 6.186 ; 6.186 ; 6.186 ;
; MIR[1]     ; OUT_B[27]   ; 6.113 ; 6.113 ; 6.113 ; 6.113 ;
; MIR[1]     ; OUT_B[28]   ; 6.153 ; 6.153 ; 6.153 ; 6.153 ;
; MIR[1]     ; OUT_B[29]   ; 5.823 ; 5.823 ; 5.823 ; 5.823 ;
; MIR[1]     ; OUT_B[30]   ; 6.075 ; 6.075 ; 6.075 ; 6.075 ;
; MIR[1]     ; OUT_B[31]   ; 6.065 ; 6.065 ; 6.065 ; 6.065 ;
; MIR[2]     ; OUT_B[0]    ; 5.119 ; 5.119 ; 5.119 ; 5.119 ;
; MIR[2]     ; OUT_B[1]    ; 5.121 ; 5.121 ; 5.121 ; 5.121 ;
; MIR[2]     ; OUT_B[2]    ; 5.449 ; 5.816 ; 5.816 ; 5.449 ;
; MIR[2]     ; OUT_B[3]    ; 5.032 ; 5.119 ; 5.119 ; 5.032 ;
; MIR[2]     ; OUT_B[4]    ; 5.119 ; 5.119 ; 5.119 ; 5.119 ;
; MIR[2]     ; OUT_B[5]    ; 5.013 ; 5.097 ; 5.097 ; 5.013 ;
; MIR[2]     ; OUT_B[6]    ; 5.117 ; 5.117 ; 5.117 ; 5.117 ;
; MIR[2]     ; OUT_B[7]    ; 5.111 ; 5.111 ; 5.111 ; 5.111 ;
; MIR[2]     ; OUT_B[8]    ; 5.495 ; 5.495 ; 5.495 ; 5.495 ;
; MIR[2]     ; OUT_B[9]    ; 5.734 ; 5.734 ; 5.734 ; 5.734 ;
; MIR[2]     ; OUT_B[10]   ; 5.979 ; 5.979 ; 5.979 ; 5.979 ;
; MIR[2]     ; OUT_B[11]   ; 6.055 ; 6.055 ; 6.055 ; 6.055 ;
; MIR[2]     ; OUT_B[12]   ; 6.053 ; 6.053 ; 6.053 ; 6.053 ;
; MIR[2]     ; OUT_B[13]   ; 5.851 ; 5.851 ; 5.851 ; 5.851 ;
; MIR[2]     ; OUT_B[14]   ; 5.951 ; 5.951 ; 5.951 ; 5.951 ;
; MIR[2]     ; OUT_B[15]   ; 5.786 ; 5.786 ; 5.786 ; 5.786 ;
; MIR[2]     ; OUT_B[16]   ; 5.847 ; 5.847 ; 5.847 ; 5.847 ;
; MIR[2]     ; OUT_B[17]   ; 5.944 ; 5.944 ; 5.944 ; 5.944 ;
; MIR[2]     ; OUT_B[18]   ; 5.806 ; 5.806 ; 5.806 ; 5.806 ;
; MIR[2]     ; OUT_B[19]   ; 5.725 ; 5.725 ; 5.725 ; 5.725 ;
; MIR[2]     ; OUT_B[20]   ; 5.741 ; 5.741 ; 5.741 ; 5.741 ;
; MIR[2]     ; OUT_B[21]   ; 5.475 ; 5.475 ; 5.475 ; 5.475 ;
; MIR[2]     ; OUT_B[22]   ; 5.495 ; 5.495 ; 5.495 ; 5.495 ;
; MIR[2]     ; OUT_B[23]   ; 5.806 ; 5.806 ; 5.806 ; 5.806 ;
; MIR[2]     ; OUT_B[24]   ; 5.847 ; 5.847 ; 5.847 ; 5.847 ;
; MIR[2]     ; OUT_B[25]   ; 5.917 ; 5.917 ; 5.917 ; 5.917 ;
; MIR[2]     ; OUT_B[26]   ; 6.088 ; 6.088 ; 6.088 ; 6.088 ;
; MIR[2]     ; OUT_B[27]   ; 6.015 ; 6.015 ; 6.015 ; 6.015 ;
; MIR[2]     ; OUT_B[28]   ; 6.055 ; 6.055 ; 6.055 ; 6.055 ;
; MIR[2]     ; OUT_B[29]   ; 5.725 ; 5.725 ; 5.725 ; 5.725 ;
; MIR[2]     ; OUT_B[30]   ; 5.977 ; 5.977 ; 5.977 ; 5.977 ;
; MIR[2]     ; OUT_B[31]   ; 5.967 ; 5.967 ; 5.967 ; 5.967 ;
; MIR[3]     ; OUT_B[0]    ; 5.151 ; 5.151 ; 5.151 ; 5.151 ;
; MIR[3]     ; OUT_B[1]    ; 5.153 ; 5.153 ; 5.153 ; 5.153 ;
; MIR[3]     ; OUT_B[2]    ; 5.478 ; 5.848 ; 5.848 ; 5.478 ;
; MIR[3]     ; OUT_B[3]    ; 5.151 ; 5.151 ; 5.151 ; 5.151 ;
; MIR[3]     ; OUT_B[4]    ; 5.151 ; 5.151 ; 5.151 ; 5.151 ;
; MIR[3]     ; OUT_B[5]    ; 5.129 ; 5.129 ; 5.129 ; 5.129 ;
; MIR[3]     ; OUT_B[6]    ; 5.149 ; 5.149 ; 5.149 ; 5.149 ;
; MIR[3]     ; OUT_B[7]    ; 5.143 ; 5.143 ; 5.143 ; 5.143 ;
; MIR[3]     ; OUT_B[8]    ; 5.527 ; 5.527 ; 5.527 ; 5.527 ;
; MIR[3]     ; OUT_B[9]    ; 5.766 ; 5.766 ; 5.766 ; 5.766 ;
; MIR[3]     ; OUT_B[10]   ; 6.011 ; 6.011 ; 6.011 ; 6.011 ;
; MIR[3]     ; OUT_B[11]   ; 6.087 ; 6.087 ; 6.087 ; 6.087 ;
; MIR[3]     ; OUT_B[12]   ; 6.085 ; 6.085 ; 6.085 ; 6.085 ;
; MIR[3]     ; OUT_B[13]   ; 5.883 ; 5.883 ; 5.883 ; 5.883 ;
; MIR[3]     ; OUT_B[14]   ; 5.983 ; 5.983 ; 5.983 ; 5.983 ;
; MIR[3]     ; OUT_B[15]   ; 5.818 ; 5.818 ; 5.818 ; 5.818 ;
; MIR[3]     ; OUT_B[16]   ; 5.879 ; 5.879 ; 5.879 ; 5.879 ;
; MIR[3]     ; OUT_B[17]   ; 5.976 ; 5.976 ; 5.976 ; 5.976 ;
; MIR[3]     ; OUT_B[18]   ; 5.838 ; 5.838 ; 5.838 ; 5.838 ;
; MIR[3]     ; OUT_B[19]   ; 5.757 ; 5.757 ; 5.757 ; 5.757 ;
; MIR[3]     ; OUT_B[20]   ; 5.773 ; 5.773 ; 5.773 ; 5.773 ;
; MIR[3]     ; OUT_B[21]   ; 5.507 ; 5.507 ; 5.507 ; 5.507 ;
; MIR[3]     ; OUT_B[22]   ; 5.527 ; 5.527 ; 5.527 ; 5.527 ;
; MIR[3]     ; OUT_B[23]   ; 5.838 ; 5.838 ; 5.838 ; 5.838 ;
; MIR[3]     ; OUT_B[24]   ; 5.879 ; 5.879 ; 5.879 ; 5.879 ;
; MIR[3]     ; OUT_B[25]   ; 5.949 ; 5.949 ; 5.949 ; 5.949 ;
; MIR[3]     ; OUT_B[26]   ; 6.120 ; 6.120 ; 6.120 ; 6.120 ;
; MIR[3]     ; OUT_B[27]   ; 6.047 ; 6.047 ; 6.047 ; 6.047 ;
; MIR[3]     ; OUT_B[28]   ; 6.087 ; 6.087 ; 6.087 ; 6.087 ;
; MIR[3]     ; OUT_B[29]   ; 5.757 ; 5.757 ; 5.757 ; 5.757 ;
; MIR[3]     ; OUT_B[30]   ; 6.009 ; 6.009 ; 6.009 ; 6.009 ;
; MIR[3]     ; OUT_B[31]   ; 5.999 ; 5.999 ; 5.999 ; 5.999 ;
+------------+-------------+-------+-------+-------+-------+


-------------------
; Clock Transfers ;
-------------------
Nothing to report.


---------------
; Report TCCS ;
---------------
No dedicated SERDES Transmitter circuitry present in device or used in design


---------------
; Report RSKM ;
---------------
No dedicated SERDES Receiver circuitry present in device or used in design


+------------------------------------------------+
; Unconstrained Paths                            ;
+---------------------------------+-------+------+
; Property                        ; Setup ; Hold ;
+---------------------------------+-------+------+
; Illegal Clocks                  ; 0     ; 0    ;
; Unconstrained Clocks            ; 0     ; 0    ;
; Unconstrained Input Ports       ; 14    ; 14   ;
; Unconstrained Input Port Paths  ; 138   ; 138  ;
; Unconstrained Output Ports      ; 40    ; 40   ;
; Unconstrained Output Port Paths ; 184   ; 184  ;
+---------------------------------+-------+------+


+------------------------------------+
; TimeQuest Timing Analyzer Messages ;
+------------------------------------+
Info: *******************************************************************
Info: Running Quartus II 32-bit TimeQuest Timing Analyzer
    Info: Version 13.0.1 Build 232 06/12/2013 Service Pack 1 SJ Web Edition
    Info: Processing started: Fri Sep 18 10:51:00 2026
Info: Command: quartus_sta MIC1 -c MIC1
Info: qsta_default_script.tcl version: #1
Warning (20028): Parallel compilation is not licensed and has been disabled
Critical Warning (332012): Synopsys Design Constraints File file not found: 'MIC1.sdc'. A Synopsys Design Constraints File is required by the TimeQuest Timing Analyzer to get proper timing constraints. Without it, the Compiler will not properly optimize the design.
Info (332142): No user constrained base clocks found in the design. Calling "derive_clocks -period 1.0"
Info (332105): Deriving Clocks
    Info (332105): create_clock -period 1.000 -name CLOCK CLOCK
Info: Found TIMEQUEST_REPORT_SCRIPT_INCLUDE_DEFAULT_ANALYSIS = ON
Info: Analyzing Slow Model
Info (332140): No fmax paths to report
Info (332140): No Setup paths to report
Info (332140): No Hold paths to report
Info (332140): No Recovery paths to report
Info (332140): No Removal paths to report
Critical Warning (332148): Timing requirements not met
Info (332146): Worst-case minimum pulse width slack is -1.222
    Info (332119):     Slack End Point TNS Clock 
    Info (332119): ========= ============= =====================
    Info (332119):    -1.222       -11.222 CLOCK 
Info (332001): The selected device family is not supported by the report_metastability command.
Info: Analyzing Fast Model
Info (332140): No Setup paths to report
Info (332140): No Hold paths to report
Info (332140): No Recovery paths to report
Info (332140): No Removal paths to report
Critical Warning (332148): Timing requirements not met
Info (332146): Worst-case minimum pulse width slack is -1.222
    Info (332119):     Slack End Point TNS Clock 
    Info (332119): ========= ============= =====================
    Info (332119):    -1.222       -11.222 CLOCK 
Info (332001): The selected device family is not supported by the report_metastability command.
Info (332102): Design is not fully constrained for setup requirements
Info (332102): Design is not fully constrained for hold requirements
Info: Quartus II 32-bit TimeQuest Timing Analyzer was successful. 0 errors, 4 warnings
    Info: Peak virtual memory: 323 megabytes
    Info: Processing ended: Fri Sep 18 10:51:01 2026
    Info: Elapsed time: 00:00:01
    Info: Total CPU time (on all processors): 00:00:01


